jobUrl,jobId,companyName,jobTitle,logoUrl,companyUrl,location,workplaceType,insights,postDate,isEasyApply,isPromoted,applicantCount,url,query,category,timestamp,isRemote
https://www.linkedin.com/jobs/view/3333576421/,3333576421,CN,Analyste Exploitation des données,https://media.licdn.com/dms/image/C560BAQHsLxjupCIwow/company-logo_100_100/0/1613748322897?e=1681344000&v=beta&t=sZJ2hMbfVsnYlbAv_LHouFDPsCO2ibBWmOwkzVAVr5g,https://www.linkedin.com/company/307460/,"Calgary, AB",On-site,1 company alumnus works here,,false,true,14,https://www.linkedin.com/jobs/view/3333576421/,https://www.linkedin.com/jobs/search/?currentJobId=3430764030&f_E=1%2C2%2C3&f_T=340&f_TPR=r604800&geoId=101174742&keywords=data%20analyst&sortBy=R,Jobs,2023-01-11T00:17:21.927Z,
https://www.linkedin.com/jobs/view/3427015686/,3427015686,Publicis Worldwide,Jr. CRM Data Analyst (6 months contract),https://media.licdn.com/dms/image/C510BAQFLk3tl_TDtkg/company-logo_100_100/0/1519925032146?e=1681344000&v=beta&t=XaVy3qYbbYqhe1wfPwZEwtArpXESxegFkhQvjvjShDg,https://www.linkedin.com/company/9223969/,"Windsor, ON",On-site,,,false,true,0,https://www.linkedin.com/jobs/view/3427015686/,https://www.linkedin.com/jobs/search/?currentJobId=3430764030&f_E=1%2C2%2C3&f_T=340&f_TPR=r604800&geoId=101174742&keywords=data%20analyst&sortBy=R,Jobs,2023-01-11T00:17:21.927Z,
https://www.linkedin.com/jobs/view/3373350725/,3373350725,BRP,Analyste de données logistiques,https://media.licdn.com/dms/image/C560BAQHmqBJXjEyd4w/company-logo_100_100/0/1634679401721?e=1681344000&v=beta&t=V1tsCaxeDvsV9k6-mV_KuEBgdS8q2Np_XcM-fhb9NGk,https://www.linkedin.com/company/10580/,"Valcourt, QC",On-site,Actively recruiting,,false,true,16,https://www.linkedin.com/jobs/view/3373350725/,https://www.linkedin.com/jobs/search/?currentJobId=3430764030&f_E=1%2C2%2C3&f_T=340&f_TPR=r604800&geoId=101174742&keywords=data%20analyst&sortBy=R,Jobs,2023-01-11T00:17:21.927Z,
https://www.linkedin.com/jobs/view/3427019021/,3427019021,Publicis Groupe,Jr. CRM Data Analyst (6 months contract),https://media.licdn.com/dms/image/C560BAQFQ8Tt7svf0xg/company-logo_100_100/0/1657140365614?e=1681344000&v=beta&t=Q_8y0j-IF-xbNOwjBTHw1643y5cngL8syl0DMoJDLSA,https://www.linkedin.com/company/468160/,"Windsor, ON",On-site,Actively recruiting,,false,true,0,https://www.linkedin.com/jobs/view/3427019021/,https://www.linkedin.com/jobs/search/?currentJobId=3430764030&f_E=1%2C2%2C3&f_T=340&f_TPR=r604800&geoId=101174742&keywords=data%20analyst&sortBy=R,Jobs,2023-01-11T00:17:21.927Z,
https://www.linkedin.com/jobs/view/3430798806/,3430798806,Lowe's Canada,Pricing Data Analyst,https://media.licdn.com/dms/image/C560BAQGbwKIMfY0TMQ/company-logo_100_100/0/1544554590238?e=1681344000&v=beta&t=OBGdKhDi8FoYulpGHSisLdJ6qHxbXtxe9Afsnl2aME0,https://www.linkedin.com/company/18943192/,"Boucherville, QC",Hybrid,1 alum works here,2023-01-10,false,false,0,https://www.linkedin.com/jobs/view/3430798806/,https://www.linkedin.com/jobs/search/?currentJobId=3430764030&f_E=1%2C2%2C3&f_T=340&f_TPR=r604800&geoId=101174742&keywords=data%20analyst&sortBy=R,Jobs,2023-01-11T00:17:21.927Z,
https://www.linkedin.com/jobs/view/3423008687/,3423008687,Agoda,"Data Analyst, Partner Development – (Statistics/ML/BI) (Bangkok-based, relocation provided)",https://media.licdn.com/dms/image/C4D0BAQGBa_7QNZNwpw/company-logo_100_100/0/1656643826125?e=1681344000&v=beta&t=SUIsNhIEG42goShn8zhSnCbXX3SEdrBG0Fv1nhUC_mY,https://www.linkedin.com/company/66719/,"Vancouver, BC",,Actively recruiting,,false,true,19,https://www.linkedin.com/jobs/view/3423008687/,https://www.linkedin.com/jobs/search/?currentJobId=3430764030&f_E=1%2C2%2C3&f_T=340&f_TPR=r604800&geoId=101174742&keywords=data%20analyst&sortBy=R,Jobs,2023-01-11T00:17:21.927Z,
https://www.linkedin.com/jobs/view/3399732435/,3399732435,Syneos Health,Safety Data Analyst Nurse,https://media.licdn.com/dms/image/C4D0BAQHBsEZeIFwfmQ/company-logo_100_100/0/1519888772014?e=1681344000&v=beta&t=M7Ta_vK0L-LATMpNEHmV2KU-zBevty5ooEhOntW4ds0,https://www.linkedin.com/company/11408925/,"Montreal, QC",,Actively recruiting,,false,true,0,https://www.linkedin.com/jobs/view/3399732435/,https://www.linkedin.com/jobs/search/?currentJobId=3430764030&f_E=1%2C2%2C3&f_T=340&f_TPR=r604800&geoId=101174742&keywords=data%20analyst&sortBy=R,Jobs,2023-01-11T00:17:21.928Z,
https://www.linkedin.com/jobs/view/3432650218/,3432650218,Canadian Security Intelligence Service (CSIS) | Service canadien du renseignement de sécurité (SCRS),Business Intelligence Specialist,https://media.licdn.com/dms/image/C4D0BAQEae2-hSs9rPQ/company-logo_100_100/0/1538681258949?e=1681344000&v=beta&t=lnaRkJnioNJEGanGbOfo6FOL0-BJSogklMjoSKEPhJc,https://www.linkedin.com/company/12599001/,"Ottawa, ON",Hybrid,,,false,true,0,https://www.linkedin.com/jobs/view/3432650218/,https://www.linkedin.com/jobs/search/?currentJobId=3430764030&f_E=1%2C2%2C3&f_T=340&f_TPR=r604800&geoId=101174742&keywords=data%20analyst&sortBy=R,Jobs,2023-01-11T00:17:21.928Z,
https://www.linkedin.com/jobs/view/3429460915/,3429460915,Center for Clinical Epidemiology McGill University,Data Analyst Statistician,,,"Montreal, QC",On-site,Your profile matches this job,,true,true,0,https://www.linkedin.com/jobs/view/3429460915/,https://www.linkedin.com/jobs/search/?currentJobId=3430764030&f_E=1%2C2%2C3&f_T=340&f_TPR=r604800&geoId=101174742&keywords=data%20analyst&sortBy=R,Jobs,2023-01-11T00:17:21.928Z,
https://www.linkedin.com/jobs/view/3429433619/,3429433619,Canada Mortgage and Housing Corporation (CMHC) Société canadienne d'hypothèques et de logement(SCHL),Ingénieur de données (Partout au Canada),https://media.licdn.com/dms/image/C4D0BAQEcwrr78kQ_Dw/company-logo_100_100/0/1519855866110?e=1681344000&v=beta&t=n4htDlVKPr-OoRSOTHRPWhpGRh-3-nP7LaoV9r8JfKI,https://www.linkedin.com/company/1559/,"Ottawa, ON",On-site,2 alumni work here,,false,true,3,https://www.linkedin.com/jobs/view/3429433619/,https://www.linkedin.com/jobs/search/?currentJobId=3430764030&f_E=1%2C2%2C3&f_T=340&f_TPR=r604800&geoId=101174742&keywords=data%20analyst&sortBy=R,Jobs,2023-01-11T00:17:21.928Z,
https://www.linkedin.com/jobs/view/3430764030/,3430764030,Manulife,Data Analyst,https://media.licdn.com/dms/image/C560BAQFUSb0FvjgNMw/company-logo_100_100/0/1656941980406?e=1681344000&v=beta&t=mYzL8eTGMB9Ixu51-pWZS2XbndgCv80l6X7_4RJ137E,https://www.linkedin.com/company/2691/,"Waterloo, ON",On-site,3 connections work here,2023-01-10,false,false,0,https://www.linkedin.com/jobs/view/3430764030/,https://www.linkedin.com/jobs/search/?currentJobId=3430764030&f_E=1%2C2%2C3&f_T=340&f_TPR=r604800&geoId=101174742&keywords=data%20analyst&sortBy=R,Jobs,2023-01-11T00:17:21.928Z,
https://www.linkedin.com/jobs/view/3428136973/,3428136973,Quantum Management Services Ltd.,Data Annotator,https://media.licdn.com/dms/image/C560BAQHW4Y9tPlk6pA/company-logo_100_100/0/1598369955104?e=1681344000&v=beta&t=KA9-_VR_hPTAJ3tx-Xfo_kPxn-IjJh_NcgbUhD_W6p8,https://www.linkedin.com/company/2264/,"Toronto, ON",Remote,Actively recruiting,,true,true,0,https://www.linkedin.com/jobs/view/3428136973/,https://www.linkedin.com/jobs/search/?currentJobId=3430764030&f_E=1%2C2%2C3&f_T=340&f_TPR=r604800&geoId=101174742&keywords=data%20analyst&sortBy=R,Jobs,2023-01-11T00:17:21.928Z,true
https://www.linkedin.com/jobs/view/3375124928/,3375124928,Definity,"Analyst, Quality Engineering - Data & Analytics",https://media.licdn.com/dms/image/C560BAQEwr8uz3OnMaA/company-logo_100_100/0/1656940128975?e=1681344000&v=beta&t=0Agmlwy9CGrhBvlZk33d3PhW9n8w07C-vga3sGnPMpo,https://www.linkedin.com/company/77397635/,"Kitchener, ON",Hybrid,Actively recruiting,,false,true,0,https://www.linkedin.com/jobs/view/3375124928/,https://www.linkedin.com/jobs/search/?currentJobId=3430764030&f_E=1%2C2%2C3&f_T=340&f_TPR=r604800&geoId=101174742&keywords=data%20analyst&sortBy=R,Jobs,2023-01-11T00:17:21.929Z,
https://www.linkedin.com/jobs/view/3428266790/,3428266790,Dice,Oracle Analytics Cloud (OAC) consultant,https://media.licdn.com/dms/image/C560BAQEYK67Tel_mng/company-logo_100_100/0/1624162747433?e=1681344000&v=beta&t=gUdTZ3FJqySXTMgMH4eyJ5FChan1Ipif8vrBBDSbz80,https://www.linkedin.com/company/6849/,"Edmonton, AB",,Your profile matches this job,,false,true,2,https://www.linkedin.com/jobs/view/3428266790/,https://www.linkedin.com/jobs/search/?currentJobId=3430764030&f_E=1%2C2%2C3&f_T=340&f_TPR=r604800&geoId=101174742&keywords=data%20analyst&sortBy=R,Jobs,2023-01-11T00:17:21.929Z,
https://www.linkedin.com/jobs/view/3428712332/,3428712332,Vooban,Expert BI/Big data,https://media.licdn.com/dms/image/C4D0BAQG0z3e8QIHhJQ/company-logo_100_100/0/1606350261916?e=1681344000&v=beta&t=3zx_hhQrRm6zLb4PfYybUxWNVNkl099ht7SxM5OtEIM,https://www.linkedin.com/company/1948269/,"Montreal, QC",Hybrid,Actively recruiting,,true,true,0,https://www.linkedin.com/jobs/view/3428712332/,https://www.linkedin.com/jobs/search/?currentJobId=3430764030&f_E=1%2C2%2C3&f_T=340&f_TPR=r604800&geoId=101174742&keywords=data%20analyst&sortBy=R,Jobs,2023-01-11T00:17:21.929Z,
https://www.linkedin.com/jobs/view/3424692229/,3424692229,AGI - Ag Growth International,FEA (Finite Element Analysis) Analyst,https://media.licdn.com/dms/image/C560BAQFDRQDViM2z6A/company-logo_100_100/0/1669347913232?e=1681344000&v=beta&t=l65hKoSC8jsDli4nPZ1l_8VX8OxwVM1xBXWn5jmqhoo,https://www.linkedin.com/company/3710414/,"Winnipeg, MB",On-site,1 alum works here,,false,true,20,https://www.linkedin.com/jobs/view/3424692229/,https://www.linkedin.com/jobs/search/?currentJobId=3430764030&f_E=1%2C2%2C3&f_T=340&f_TPR=r604800&geoId=101174742&keywords=data%20analyst&sortBy=R,Jobs,2023-01-11T00:17:21.929Z,
https://www.linkedin.com/jobs/view/3424401001/,3424401001,Day & Ross,Master Data Analyst,https://media.licdn.com/dms/image/C4E0BAQHsZY5VmuchvA/company-logo_100_100/0/1614974015916?e=1681344000&v=beta&t=yutmXwF5iDzOIrxTBkomvn98j3Mbn6uiW7v0pH6Shxk,https://www.linkedin.com/company/1357130/,"Somerville, NB",Hybrid,Actively recruiting,2023-01-10,false,false,0,https://www.linkedin.com/jobs/view/3424401001/,https://www.linkedin.com/jobs/search/?currentJobId=3430764030&f_E=1%2C2%2C3&f_T=340&f_TPR=r604800&geoId=101174742&keywords=data%20analyst&sortBy=R,Jobs,2023-01-11T00:17:21.929Z,
https://www.linkedin.com/jobs/view/3427013983/,3427013983,Publicis Canada,Jr. CRM Data Analyst (6 months contract),https://media.licdn.com/dms/image/C560BAQEY17F0jj4TZg/company-logo_100_100/0/1670429441877?e=1681344000&v=beta&t=0ghlzDg58ljfNhXEyUGjw0lx4ytqk0MvG4omYuR6gNU,https://www.linkedin.com/company/35544693/,"Windsor, ON",On-site,,,true,true,0,https://www.linkedin.com/jobs/view/3427013983/,https://www.linkedin.com/jobs/search/?currentJobId=3430764030&f_E=1%2C2%2C3&f_T=340&f_TPR=r604800&geoId=101174742&keywords=data%20analyst&sortBy=R,Jobs,2023-01-11T00:17:21.929Z,
https://www.linkedin.com/jobs/view/3420277160/,3420277160,TALTEK | TALENT in TECHNOLOGY,Analyste d'affaires BI,https://media.licdn.com/dms/image/C4E0BAQE1gZyAm-OyUA/company-logo_100_100/0/1615448538245?e=1681344000&v=beta&t=pT8I_Ley9Ag0yrd8KDHf17uDbFlp9pcpqEcn-SioxZk,https://www.linkedin.com/company/37115294/,"Montreal, QC",Hybrid,Your profile matches this job,,true,true,0,https://www.linkedin.com/jobs/view/3420277160/,https://www.linkedin.com/jobs/search/?currentJobId=3430764030&f_E=1%2C2%2C3&f_T=340&f_TPR=r604800&geoId=101174742&keywords=data%20analyst&sortBy=R,Jobs,2023-01-11T00:17:21.929Z,
https://www.linkedin.com/jobs/view/3395193164/,3395193164,BOMBARDIER,Analyste/Ingénieur de Données (PowerBI) - Ingénierie,https://media.licdn.com/dms/image/C4D0BAQF5lcPw4mNhCQ/company-logo_100_100/0/1530210918117?e=1681344000&v=beta&t=sn9wc4W8NRd9kOFyyd_PFotLTYwHXoN9eHLG06KjbL4,https://www.linkedin.com/company/2723/,"Montreal, QC",On-site,Actively recruiting,,false,true,0,https://www.linkedin.com/jobs/view/3395193164/,https://www.linkedin.com/jobs/search/?currentJobId=3430764030&f_E=1%2C2%2C3&f_T=340&f_TPR=r604800&geoId=101174742&keywords=data%20analyst&sortBy=R,Jobs,2023-01-11T00:17:21.929Z,
https://www.linkedin.com/jobs/view/3365665909/,3365665909,GFL Environmental Inc.,HR Data Analyst,https://media.licdn.com/dms/image/C560BAQHXFb6rN7jqPQ/company-logo_100_100/0/1519907570234?e=1681344000&v=beta&t=GORtExRZlxT5aW81H7jLePx9j7Nrr6zTQt2DJNWerE0,https://www.linkedin.com/company/2193256/,"Vaughan, ON",On-site,2 alumni work here,,false,true,0,https://www.linkedin.com/jobs/view/3365665909/,https://www.linkedin.com/jobs/search/?currentJobId=3430764030&f_E=1%2C2%2C3&f_T=340&f_TPR=r604800&geoId=101174742&keywords=data%20analyst&sortBy=R,Jobs,2023-01-11T00:17:21.929Z,
https://www.linkedin.com/jobs/view/3426225170/,3426225170,iA Financial Group (Industrial Alliance),Analyste en intelligence d’affaires (BI),https://media.licdn.com/dms/image/C4D0BAQGdx0U2pvqZBA/company-logo_100_100/0/1519856553409?e=1681344000&v=beta&t=TorUE2q2OaoALxlUDHqTSiWGPEz21YGu4PQ4gS9DOIA,https://www.linkedin.com/company/19136/,Greater Montreal Metropolitan Area,Hybrid,Actively recruiting,,false,true,0,https://www.linkedin.com/jobs/view/3426225170/,https://www.linkedin.com/jobs/search/?currentJobId=3430764030&f_E=1%2C2%2C3&f_T=340&f_TPR=r604800&geoId=101174742&keywords=data%20analyst&sortBy=R,Jobs,2023-01-11T00:17:21.930Z,
https://www.linkedin.com/jobs/view/3429800767/,3429800767,DarkVision Technologies Inc.,Data Analyst,https://media.licdn.com/dms/image/C560BAQFoX5ILXahPfw/company-logo_100_100/0/1619109203698?e=1681344000&v=beta&t=qEb3aWP2mxoT-CJhk88MVrd-aSMHITwTf75-1if85pc,https://www.linkedin.com/company/3671883/,"Vancouver, BC",On-site,,2023-01-07,false,false,0,https://www.linkedin.com/jobs/view/3429800767/,https://www.linkedin.com/jobs/search/?currentJobId=3430764030&f_E=1%2C2%2C3&f_T=340&f_TPR=r604800&geoId=101174742&keywords=data%20analyst&sortBy=R,Jobs,2023-01-11T00:17:21.930Z,
https://www.linkedin.com/jobs/view/3428885909/,3428885909,TELUS International,Online Data Analyst - French Language,https://media.licdn.com/dms/image/C560BAQHAe-roNpTebg/company-logo_100_100/0/1657119739427?e=1681344000&v=beta&t=abRJhqdDHE2B4QU2b7Nf9DdBoG9E2LLUhrGAK0XGqt8,https://www.linkedin.com/company/1258653/,"Gatineau, QC",Remote,1 alum works here,,false,true,15,https://www.linkedin.com/jobs/view/3428885909/,https://www.linkedin.com/jobs/search/?currentJobId=3430764030&f_E=1%2C2%2C3&f_T=340&f_TPR=r604800&geoId=101174742&keywords=data%20analyst&sortBy=R,Jobs,2023-01-11T00:17:21.930Z,true
https://www.linkedin.com/jobs/view/3398658795/,3398658795,Catalent Pharma Solutions,Analytical Analyst,https://media.licdn.com/dms/image/C4D0BAQEZ85c4A_zsfg/company-logo_100_100/0/1519932789776?e=1681344000&v=beta&t=3Qk5DrMy-N3OLldauPv4lwyBhkTMuPBnLrB-QOFptCw,https://www.linkedin.com/company/162912/,"Windsor, ON",On-site,1 connection works here,,false,true,0,https://www.linkedin.com/jobs/view/3398658795/,https://www.linkedin.com/jobs/search/?currentJobId=3430764030&f_E=1%2C2%2C3&f_T=340&f_TPR=r604800&geoId=101174742&keywords=data%20analyst&sortBy=R,Jobs,2023-01-11T00:17:21.930Z,
https://www.linkedin.com/jobs/view/3427015248/,3427015248,Publicis Groupe,CRM Data Analyst (6 months contract),https://media.licdn.com/dms/image/C560BAQFQ8Tt7svf0xg/company-logo_100_100/0/1657140365614?e=1681344000&v=beta&t=Q_8y0j-IF-xbNOwjBTHw1643y5cngL8syl0DMoJDLSA,https://www.linkedin.com/company/468160/,"Windsor, ON",On-site,Actively recruiting,,false,true,0,https://www.linkedin.com/jobs/view/3427015248/,https://www.linkedin.com/jobs/search/?currentJobId=3430764030&f_E=1%2C2%2C3&f_T=340&f_TPR=r604800&geoId=101174742&keywords=data%20analyst&sortBy=R,Jobs,2023-01-11T00:17:27.352Z,
https://www.linkedin.com/jobs/view/3427013515/,3427013515,Publicis Worldwide,CRM Data Analyst (6 months contract),https://media.licdn.com/dms/image/C510BAQFLk3tl_TDtkg/company-logo_100_100/0/1519925032146?e=1681344000&v=beta&t=XaVy3qYbbYqhe1wfPwZEwtArpXESxegFkhQvjvjShDg,https://www.linkedin.com/company/9223969/,"Windsor, ON",On-site,,,false,true,15,https://www.linkedin.com/jobs/view/3427013515/,https://www.linkedin.com/jobs/search/?currentJobId=3430764030&f_E=1%2C2%2C3&f_T=340&f_TPR=r604800&geoId=101174742&keywords=data%20analyst&sortBy=R,Jobs,2023-01-11T00:17:27.352Z,
https://www.linkedin.com/jobs/view/3428266258/,3428266258,Mars,Data Analyst - Pet Nutrition - 12 month contact,https://media.licdn.com/dms/image/C4D0BAQFxhsUQuX5Qyg/company-logo_100_100/0/1561991494491?e=1681344000&v=beta&t=mGOWb66ON8zGN3VZz99Gyv8y8ckB5GtDkHz568xXLGU,https://www.linkedin.com/company/1544/,"Bolton, ON",Hybrid,Actively recruiting,,false,true,0,https://www.linkedin.com/jobs/view/3428266258/,https://www.linkedin.com/jobs/search/?currentJobId=3430764030&f_E=1%2C2%2C3&f_T=340&f_TPR=r604800&geoId=101174742&keywords=data%20analyst&sortBy=R,Jobs,2023-01-11T00:17:27.352Z,
https://www.linkedin.com/jobs/view/3423010320/,3423010320,Agoda,"Data Analyst, Partner Development – (Statistics/ML/BI) (Bangkok-based, relocation provided)",https://media.licdn.com/dms/image/C4D0BAQGBa_7QNZNwpw/company-logo_100_100/0/1656643826125?e=1681344000&v=beta&t=SUIsNhIEG42goShn8zhSnCbXX3SEdrBG0Fv1nhUC_mY,https://www.linkedin.com/company/66719/,"Greater Montreal, QC",,Actively recruiting,,false,true,8,https://www.linkedin.com/jobs/view/3423010320/,https://www.linkedin.com/jobs/search/?currentJobId=3430764030&f_E=1%2C2%2C3&f_T=340&f_TPR=r604800&geoId=101174742&keywords=data%20analyst&sortBy=R,Jobs,2023-01-11T00:17:27.353Z,
https://www.linkedin.com/jobs/view/3428729215/,3428729215,Apex Systems,Data Analyst,https://media.licdn.com/dms/image/C560BAQGqw9dL4sPgrw/company-logo_100_100/0/1658240804854?e=1681344000&v=beta&t=D38K-Jt_UWFoUxRliBI1OwK6So2ux0Ck9gCWX_EXffk,https://www.linkedin.com/company/4787/,"Toronto, ON",Hybrid,Actively recruiting,2023-01-10,true,false,0,https://www.linkedin.com/jobs/view/3428729215/,https://www.linkedin.com/jobs/search/?currentJobId=3430764030&f_E=1%2C2%2C3&f_T=340&f_TPR=r604800&geoId=101174742&keywords=data%20analyst&sortBy=R,Jobs,2023-01-11T00:17:27.353Z,
https://www.linkedin.com/jobs/view/3428889349/,3428889349,TELUS International,Online Data Analyst - French Language,https://media.licdn.com/dms/image/C560BAQHAe-roNpTebg/company-logo_100_100/0/1657119739427?e=1681344000&v=beta&t=abRJhqdDHE2B4QU2b7Nf9DdBoG9E2LLUhrGAK0XGqt8,https://www.linkedin.com/company/1258653/,"Sherbrooke, QC",Remote,1 alum works here,,false,true,12,https://www.linkedin.com/jobs/view/3428889349/,https://www.linkedin.com/jobs/search/?currentJobId=3430764030&f_E=1%2C2%2C3&f_T=340&f_TPR=r604800&geoId=101174742&keywords=data%20analyst&sortBy=R,Jobs,2023-01-11T00:17:27.353Z,true
https://www.linkedin.com/jobs/view/3426321647/,3426321647,Levio,ANALYSTE DE DONNÉES,https://media.licdn.com/dms/image/C4D0BAQHOM9U2p4xcHw/company-logo_100_100/0/1580311331043?e=1681344000&v=beta&t=VRpsRxnr_tZzrMUuBDpPn_dh8yqGNYg5jLoMSggPVjY,https://www.linkedin.com/company/9284554/,"Montreal, QC",On-site,Actively recruiting,,true,true,0,https://www.linkedin.com/jobs/view/3426321647/,https://www.linkedin.com/jobs/search/?currentJobId=3430764030&f_E=1%2C2%2C3&f_T=340&f_TPR=r604800&geoId=101174742&keywords=data%20analyst&sortBy=R,Jobs,2023-01-11T00:17:27.353Z,
https://www.linkedin.com/jobs/view/3422143287/,3422143287,Longo's,Senior Business Intelligence Analyst,https://media.licdn.com/dms/image/C4E0BAQHpbwo2RJ2SdA/company-logo_100_100/0/1519912388367?e=1681344000&v=beta&t=tfP2-vYc_oITJFzKWQltVh976lYjml1UWQ_1dbMRjhc,https://www.linkedin.com/company/104870/,"Vaughan, ON",Hybrid,,,false,true,0,https://www.linkedin.com/jobs/view/3422143287/,https://www.linkedin.com/jobs/search/?currentJobId=3430764030&f_E=1%2C2%2C3&f_T=340&f_TPR=r604800&geoId=101174742&keywords=data%20analyst&sortBy=R,Jobs,2023-01-11T00:17:27.353Z,
https://www.linkedin.com/jobs/view/3366347623/,3366347623,Point S Canada,Analyste de données,https://media.licdn.com/dms/image/C4E0BAQHJed9EHsn-Hg/company-logo_100_100/0/1584019406090?e=1681344000&v=beta&t=s2RlZEdb8CNTnNa9PcyuK0RAvsra9NBjVvdbDSgSQSg,https://www.linkedin.com/company/2221070/,"Boucherville, QC",On-site,,,true,true,0,https://www.linkedin.com/jobs/view/3366347623/,https://www.linkedin.com/jobs/search/?currentJobId=3430764030&f_E=1%2C2%2C3&f_T=340&f_TPR=r604800&geoId=101174742&keywords=data%20analyst&sortBy=R,Jobs,2023-01-11T00:17:27.353Z,
https://www.linkedin.com/jobs/view/3398931990/,3398931990,CN,"Analyst, SAP Data Conversion and Governance",https://media.licdn.com/dms/image/C560BAQHsLxjupCIwow/company-logo_100_100/0/1613748322897?e=1681344000&v=beta&t=sZJ2hMbfVsnYlbAv_LHouFDPsCO2ibBWmOwkzVAVr5g,https://www.linkedin.com/company/307460/,"Ottawa, ON",Hybrid,1 company alumnus works here,,false,true,23,https://www.linkedin.com/jobs/view/3398931990/,https://www.linkedin.com/jobs/search/?currentJobId=3430764030&f_E=1%2C2%2C3&f_T=340&f_TPR=r604800&geoId=101174742&keywords=data%20analyst&sortBy=R,Jobs,2023-01-11T00:17:27.353Z,
https://www.linkedin.com/jobs/view/3434323965/,3434323965,Intensify,Data Entry Analyst (Remote),https://media.licdn.com/dms/image/C560BAQG5lu72L747ZA/company-logo_100_100/0/1519901479431?e=1681344000&v=beta&t=CFZDEieqx5wXaCfCneD_CdUZAHc6PIeW16XdwPPTCS8,https://www.linkedin.com/company/15159875/,"Halifax, NS",Remote,Actively recruiting,2023-01-10,false,false,0,https://www.linkedin.com/jobs/view/3434323965/,https://www.linkedin.com/jobs/search/?currentJobId=3430764030&f_E=1%2C2%2C3&f_T=340&f_TPR=r604800&geoId=101174742&keywords=data%20analyst&sortBy=R,Jobs,2023-01-11T00:17:27.353Z,true
https://www.linkedin.com/jobs/view/3420252231/,3420252231,Astek Canada,Analyste de données,https://media.licdn.com/dms/image/C4E0BAQEIywyftKf-6A/company-logo_100_100/0/1671549069661?e=1681344000&v=beta&t=3kMnJeC9RNyYXwdwUCVwSjVQDFlvfy1Xy3qm5tSDQrc,https://www.linkedin.com/company/5212725/,"Montreal, QC",Remote,Actively recruiting,,true,true,0,https://www.linkedin.com/jobs/view/3420252231/,https://www.linkedin.com/jobs/search/?currentJobId=3430764030&f_E=1%2C2%2C3&f_T=340&f_TPR=r604800&geoId=101174742&keywords=data%20analyst&sortBy=R,Jobs,2023-01-11T00:17:27.353Z,true
https://www.linkedin.com/jobs/view/3423089543/,3423089543,DRW,Data Analyst,https://media.licdn.com/dms/image/D560BAQEVms7Q5Lx74g/company-logo_100_100/0/1660597308124?e=1681344000&v=beta&t=DHE8guoFgHo8peiwVD2AuG3VggxAD4NsXnXtm9JsWGM,https://www.linkedin.com/company/15999/,"Greater Montreal, QC",Hybrid,Actively recruiting,,false,true,0,https://www.linkedin.com/jobs/view/3423089543/,https://www.linkedin.com/jobs/search/?currentJobId=3430764030&f_E=1%2C2%2C3&f_T=340&f_TPR=r604800&geoId=101174742&keywords=data%20analyst&sortBy=R,Jobs,2023-01-11T00:17:27.353Z,
https://www.linkedin.com/jobs/view/3427083646/,3427083646,Trans Mountain,"Data Analyst, Expansion Project (Term Role)",https://media.licdn.com/dms/image/C560BAQGpnoeuHguCIQ/company-logo_100_100/0/1536169089127?e=1681344000&v=beta&t=jjxRG8SmVSCuSpRgfvwhb2MX0T-UDG3KesFAvirjz9Y,https://www.linkedin.com/company/3122385/,"Calgary, AB",On-site,2 alumni work here,,false,true,0,https://www.linkedin.com/jobs/view/3427083646/,https://www.linkedin.com/jobs/search/?currentJobId=3430764030&f_E=1%2C2%2C3&f_T=340&f_TPR=r604800&geoId=101174742&keywords=data%20analyst&sortBy=R,Jobs,2023-01-11T00:17:27.353Z,
https://www.linkedin.com/jobs/view/3375155006/,3375155006,SII Canada,Data Analyst,https://media.licdn.com/dms/image/C560BAQFAYW5yLV2z7w/company-logo_100_100/0/1657897927853?e=1681344000&v=beta&t=XWmT4CylGVe03AS-wGwuyla-DLoj4qaRgkOoXC2p9O0,https://www.linkedin.com/company/6417574/,"Montreal, QC",Hybrid,Actively recruiting,,false,true,0,https://www.linkedin.com/jobs/view/3375155006/,https://www.linkedin.com/jobs/search/?currentJobId=3430764030&f_E=1%2C2%2C3&f_T=340&f_TPR=r604800&geoId=101174742&keywords=data%20analyst&sortBy=R,Jobs,2023-01-11T00:17:27.353Z,
https://www.linkedin.com/jobs/view/3423636839/,3423636839,Mother Parkers Tea & Coffee,Data Analyst - Finance,https://media.licdn.com/dms/image/C560BAQGGPwXLKoKXsA/company-logo_100_100/0/1597600984022?e=1681344000&v=beta&t=VGZm1yX5G6mXuwNIZOyXu95eSP3C1korEHPnDKfdQVc,https://www.linkedin.com/company/55865/,"Mississauga, ON",Hybrid,Actively recruiting,,true,true,0,https://www.linkedin.com/jobs/view/3423636839/,https://www.linkedin.com/jobs/search/?currentJobId=3430764030&f_E=1%2C2%2C3&f_T=340&f_TPR=r604800&geoId=101174742&keywords=data%20analyst&sortBy=R,Jobs,2023-01-11T00:17:27.353Z,
https://www.linkedin.com/jobs/view/3433152281/,3433152281,Canucks Sports & Entertainment (CSE),Data Analyst,https://media.licdn.com/dms/image/C560BAQGrAnaA4X0Niw/company-logo_100_100/0/1604535161160?e=1681344000&v=beta&t=vTwkxp48JmR2PqCgJmzb4scZ8HSFRG4o0JNMvUO0SkU,https://www.linkedin.com/company/440552/,"Vancouver, BC",On-site,1 connection works here,2023-01-09,false,false,0,https://www.linkedin.com/jobs/view/3433152281/,https://www.linkedin.com/jobs/search/?currentJobId=3430764030&f_E=1%2C2%2C3&f_T=340&f_TPR=r604800&geoId=101174742&keywords=data%20analyst&sortBy=R,Jobs,2023-01-11T00:17:27.353Z,
https://www.linkedin.com/jobs/view/3426461245/,3426461245,CGI,Data Analyst,https://media.licdn.com/dms/image/C4E0BAQErzXWSFkn9tQ/company-logo_100_100/0/1663664110409?e=1681344000&v=beta&t=k9hzh1goN3FYo-7PMiV3qUFcHvBfQvh8bvLmYsb0l8I,https://www.linkedin.com/company/1415/,"Halifax, NS",,2 connections work here,,false,true,0,https://www.linkedin.com/jobs/view/3426461245/,https://www.linkedin.com/jobs/search/?currentJobId=3430764030&f_E=1%2C2%2C3&f_T=340&f_TPR=r604800&geoId=101174742&keywords=data%20analyst&sortBy=R,Jobs,2023-01-11T00:17:27.353Z,
https://www.linkedin.com/jobs/view/3432746143/,3432746143,Alimentiv,Statistician,https://media.licdn.com/dms/image/C560BAQFCzSLJaZLAeQ/company-logo_100_100/0/1657219388047?e=1681344000&v=beta&t=3-J757QPAhFTbSXqnwmO0DmGjPFFxFYOMlRbsDMOt3k,https://www.linkedin.com/company/65732166/,Canada,Remote,Actively recruiting,,false,true,0,https://www.linkedin.com/jobs/view/3432746143/,https://www.linkedin.com/jobs/search/?currentJobId=3430764030&f_E=1%2C2%2C3&f_T=340&f_TPR=r604800&geoId=101174742&keywords=data%20analyst&sortBy=R,Jobs,2023-01-11T00:17:27.353Z,true
https://www.linkedin.com/jobs/view/3422021402/,3422021402,Cognizant,MDM Data Analyst,https://media.licdn.com/dms/image/C560BAQHRO9T5YA3ouQ/company-logo_100_100/0/1657037248681?e=1681344000&v=beta&t=XuHBnxTTVAAk-q7ZyWQyfXlBGCY2FFi-a0Gpmf4I-q0,https://www.linkedin.com/company/1680/,"Toronto, ON",Hybrid,1 connection works here,,false,true,0,https://www.linkedin.com/jobs/view/3422021402/,https://www.linkedin.com/jobs/search/?currentJobId=3430764030&f_E=1%2C2%2C3&f_T=340&f_TPR=r604800&geoId=101174742&keywords=data%20analyst&sortBy=R,Jobs,2023-01-11T00:17:27.353Z,
https://www.linkedin.com/jobs/view/3429473510/,3429473510,Maples Group,"Data Analyst, Business Intelligence",https://media.licdn.com/dms/image/C560BAQExvjCZ3Eb9gg/company-logo_100_100/0/1632334856016?e=1681344000&v=beta&t=q044xmNeQEUEny5bN0BA9S9H-emr2SYBSp7MW18qhZ4,https://www.linkedin.com/company/103961/,"Montreal, QC",Hybrid,Actively recruiting,,false,true,0,https://www.linkedin.com/jobs/view/3429473510/,https://www.linkedin.com/jobs/search/?currentJobId=3430764030&f_E=1%2C2%2C3&f_T=340&f_TPR=r604800&geoId=101174742&keywords=data%20analyst&sortBy=R,Jobs,2023-01-11T00:17:27.354Z,
https://www.linkedin.com/jobs/view/3419011168/,3419011168,DELAN - Chasseurs de Talents en TI,Analyste de Données,https://media.licdn.com/dms/image/C560BAQE1qw9B-BXsWw/company-logo_100_100/0/1673377440979?e=1681344000&v=beta&t=RU3xncmNeOVg_8lue71k8_qHISnLHdMWrC8uFk6J56k,https://www.linkedin.com/company/240500/,"Montreal, QC",Remote,Actively recruiting,,true,true,0,https://www.linkedin.com/jobs/view/3419011168/,https://www.linkedin.com/jobs/search/?currentJobId=3430764030&f_E=1%2C2%2C3&f_T=340&f_TPR=r604800&geoId=101174742&keywords=data%20analyst&sortBy=R,Jobs,2023-01-11T00:17:27.354Z,true
https://www.linkedin.com/jobs/view/3419618233/,3419618233,PBS Systems Inc.,Data Analyst,https://media.licdn.com/dms/image/C4E0BAQGU3zQZjWE0hA/company-logo_100_100/0/1661874646840?e=1681344000&v=beta&t=JZY4jeU3luIIMGJXKWrqFj90LFqgakk16RhL0jEE75c,https://www.linkedin.com/company/666058/,"Calgary, AB",,Your profile matches this job,2023-01-04,false,false,0,https://www.linkedin.com/jobs/view/3419618233/,https://www.linkedin.com/jobs/search/?currentJobId=3430764030&f_E=1%2C2%2C3&f_T=340&f_TPR=r604800&geoId=101174742&keywords=data%20analyst&sortBy=R,Jobs,2023-01-11T00:17:27.354Z,
https://www.linkedin.com/jobs/view/3428903398/,3428903398,Techtronic Industries Canada Inc.,Data Analyst,https://media.licdn.com/dms/image/C560BAQHzWpiqzboPgQ/company-logo_100_100/0/1653659249149?e=1681344000&v=beta&t=Znryj8poqwP71VHI7KuMNMT2bn3AnGTcg-D66-7itp4,https://www.linkedin.com/company/37555762/,"Markham, ON",On-site,2 alumni work here,,false,true,0,https://www.linkedin.com/jobs/view/3428903398/,https://www.linkedin.com/jobs/search/?currentJobId=3430764030&f_E=1%2C2%2C3&f_T=340&f_TPR=r604800&geoId=101174742&keywords=data%20analyst&sortBy=R,Jobs,2023-01-11T00:17:27.354Z,
https://www.linkedin.com/jobs/view/3424433067/,3424433067,DarkVision Technologies Inc.,Data Analyst,https://media.licdn.com/dms/image/C560BAQFoX5ILXahPfw/company-logo_100_100/0/1619109203698?e=1681344000&v=beta&t=qEb3aWP2mxoT-CJhk88MVrd-aSMHITwTf75-1if85pc,https://www.linkedin.com/company/3671883/,"North Vancouver, BC",On-site,,,false,true,0,https://www.linkedin.com/jobs/view/3424433067/,https://www.linkedin.com/jobs/search/?currentJobId=3430764030&f_E=1%2C2%2C3&f_T=340&f_TPR=r604800&geoId=101174742&keywords=data%20analyst&sortBy=R,Jobs,2023-01-11T00:17:27.354Z,
https://www.linkedin.com/jobs/view/3398949520/,3398949520,CN,"Analyste, conversion de données SAP et gouvernance",https://media.licdn.com/dms/image/C560BAQHsLxjupCIwow/company-logo_100_100/0/1613748322897?e=1681344000&v=beta&t=sZJ2hMbfVsnYlbAv_LHouFDPsCO2ibBWmOwkzVAVr5g,https://www.linkedin.com/company/307460/,"Edmonton, AB",On-site,1 company alumnus works here,,false,true,6,https://www.linkedin.com/jobs/view/3398949520/,https://www.linkedin.com/jobs/search/?currentJobId=3430764030&f_E=1%2C2%2C3&f_T=340&f_TPR=r604800&geoId=101174742&keywords=data%20analyst&sortBy=R,Jobs,2023-01-11T00:17:32.507Z,
https://www.linkedin.com/jobs/view/3428888392/,3428888392,TELUS International,Online Data Analyst - French Language,https://media.licdn.com/dms/image/C560BAQHAe-roNpTebg/company-logo_100_100/0/1657119739427?e=1681344000&v=beta&t=abRJhqdDHE2B4QU2b7Nf9DdBoG9E2LLUhrGAK0XGqt8,https://www.linkedin.com/company/1258653/,"Trois-Rivières, QC",Remote,1 alum works here,,false,true,7,https://www.linkedin.com/jobs/view/3428888392/,https://www.linkedin.com/jobs/search/?currentJobId=3430764030&f_E=1%2C2%2C3&f_T=340&f_TPR=r604800&geoId=101174742&keywords=data%20analyst&sortBy=R,Jobs,2023-01-11T00:17:32.507Z,true
https://www.linkedin.com/jobs/view/3402322174/,3402322174,BOMBARDIER,Data Analyst/Engineer (PowerBI) - Engineering,https://media.licdn.com/dms/image/C4D0BAQF5lcPw4mNhCQ/company-logo_100_100/0/1530210918117?e=1681344000&v=beta&t=sn9wc4W8NRd9kOFyyd_PFotLTYwHXoN9eHLG06KjbL4,https://www.linkedin.com/company/2723/,"Montreal, QC",Hybrid,Actively recruiting,,false,true,0,https://www.linkedin.com/jobs/view/3402322174/,https://www.linkedin.com/jobs/search/?currentJobId=3430764030&f_E=1%2C2%2C3&f_T=340&f_TPR=r604800&geoId=101174742&keywords=data%20analyst&sortBy=R,Jobs,2023-01-11T00:17:32.507Z,
https://www.linkedin.com/jobs/view/3426320583/,3426320583,Levio,ANALYSTE BI,https://media.licdn.com/dms/image/C4D0BAQHOM9U2p4xcHw/company-logo_100_100/0/1580311331043?e=1681344000&v=beta&t=VRpsRxnr_tZzrMUuBDpPn_dh8yqGNYg5jLoMSggPVjY,https://www.linkedin.com/company/9284554/,"Montreal, QC",On-site,Actively recruiting,,true,true,0,https://www.linkedin.com/jobs/view/3426320583/,https://www.linkedin.com/jobs/search/?currentJobId=3430764030&f_E=1%2C2%2C3&f_T=340&f_TPR=r604800&geoId=101174742&keywords=data%20analyst&sortBy=R,Jobs,2023-01-11T00:17:32.507Z,
https://www.linkedin.com/jobs/view/3434314816/,3434314816,Actalent,Data Analyst (On-site In Calgary Office),https://media.licdn.com/dms/image/C560BAQHZQrp13XemPg/company-logo_100_100/0/1656684885730?e=1681344000&v=beta&t=acQbxGb9fKiWjw_PFi3pZ1K6F0SsgzVhJsK8BawhbcQ,https://www.linkedin.com/company/71904349/,"Calgary, AB",Hybrid,Actively recruiting,2023-01-10,false,false,0,https://www.linkedin.com/jobs/view/3434314816/,https://www.linkedin.com/jobs/search/?currentJobId=3430764030&f_E=1%2C2%2C3&f_T=340&f_TPR=r604800&geoId=101174742&keywords=data%20analyst&sortBy=R,Jobs,2023-01-11T00:17:32.507Z,
https://www.linkedin.com/jobs/view/3423012088/,3423012088,Agoda,"Data Analyst, Partner Development – (Statistics/ML/BI) (Bangkok-based, relocation provided)",https://media.licdn.com/dms/image/C4D0BAQGBa_7QNZNwpw/company-logo_100_100/0/1656643826125?e=1681344000&v=beta&t=SUIsNhIEG42goShn8zhSnCbXX3SEdrBG0Fv1nhUC_mY,https://www.linkedin.com/company/66719/,"Toronto, ON",,Actively recruiting,,false,true,0,https://www.linkedin.com/jobs/view/3423012088/,https://www.linkedin.com/jobs/search/?currentJobId=3430764030&f_E=1%2C2%2C3&f_T=340&f_TPR=r604800&geoId=101174742&keywords=data%20analyst&sortBy=R,Jobs,2023-01-11T00:17:32.507Z,
https://www.linkedin.com/jobs/view/3400051967/,3400051967,Manulife,Business Intelligence Specialist,https://media.licdn.com/dms/image/C560BAQFUSb0FvjgNMw/company-logo_100_100/0/1656941980406?e=1681344000&v=beta&t=mYzL8eTGMB9Ixu51-pWZS2XbndgCv80l6X7_4RJ137E,https://www.linkedin.com/company/2691/,"Waterloo, ON",Hybrid,3 connections work here,,false,true,0,https://www.linkedin.com/jobs/view/3400051967/,https://www.linkedin.com/jobs/search/?currentJobId=3430764030&f_E=1%2C2%2C3&f_T=340&f_TPR=r604800&geoId=101174742&keywords=data%20analyst&sortBy=R,Jobs,2023-01-11T00:17:32.507Z,
https://www.linkedin.com/jobs/view/3420240895/,3420240895,Astek Canada,Consumer BI,https://media.licdn.com/dms/image/C4E0BAQEIywyftKf-6A/company-logo_100_100/0/1671549069661?e=1681344000&v=beta&t=3kMnJeC9RNyYXwdwUCVwSjVQDFlvfy1Xy3qm5tSDQrc,https://www.linkedin.com/company/5212725/,"Toronto, ON",Hybrid,Actively recruiting,,true,true,0,https://www.linkedin.com/jobs/view/3420240895/,https://www.linkedin.com/jobs/search/?currentJobId=3430764030&f_E=1%2C2%2C3&f_T=340&f_TPR=r604800&geoId=101174742&keywords=data%20analyst&sortBy=R,Jobs,2023-01-11T00:17:32.507Z,
https://www.linkedin.com/jobs/view/3428052250/,3428052250,Buildings IOT,Data Analyst / Data Scientist,https://media.licdn.com/dms/image/C560BAQHqfyntdNvFcw/company-logo_100_100/0/1583169978940?e=1681344000&v=beta&t=81DRBM0cLjGA96SsFyY3wNDoKwXKe85sSUYfHYYwrvM,https://www.linkedin.com/company/18746574/,"Ottawa, ON",Hybrid,Actively recruiting,,true,true,0,https://www.linkedin.com/jobs/view/3428052250/,https://www.linkedin.com/jobs/search/?currentJobId=3430764030&f_E=1%2C2%2C3&f_T=340&f_TPR=r604800&geoId=101174742&keywords=data%20analyst&sortBy=R,Jobs,2023-01-11T00:17:32.507Z,
https://www.linkedin.com/jobs/view/3383790651/,3383790651,Seaspan ULC,Senior Data Analyst,https://media.licdn.com/dms/image/C4E0BAQEEcufOwTR8dA/company-logo_100_100/0/1633723162618?e=1681344000&v=beta&t=dfMt9DdhiuFx3sedfa0_T_r-sSgnl1IWUDQ3uxi5S8g,https://www.linkedin.com/company/786191/,"North Vancouver, BC",On-site,2 connections work here,,false,true,0,https://www.linkedin.com/jobs/view/3383790651/,https://www.linkedin.com/jobs/search/?currentJobId=3430764030&f_E=1%2C2%2C3&f_T=340&f_TPR=r604800&geoId=101174742&keywords=data%20analyst&sortBy=R,Jobs,2023-01-11T00:17:32.507Z,
https://www.linkedin.com/jobs/view/3425120436/,3425120436,BNP Paribas,Data Leakage Prevention Analyst - Graduate,https://media.licdn.com/dms/image/C4E0BAQGaPfduOoKCJA/company-logo_100_100/0/1669711365188?e=1681344000&v=beta&t=YS6hNOUuGsipR_u0InQja0f9MDA8J5BKcMZXnv5ywz8,https://www.linkedin.com/company/1508/,"Montreal, QC",,Actively recruiting,2023-01-04,false,false,23,https://www.linkedin.com/jobs/view/3425120436/,https://www.linkedin.com/jobs/search/?currentJobId=3430764030&f_E=1%2C2%2C3&f_T=340&f_TPR=r604800&geoId=101174742&keywords=data%20analyst&sortBy=R,Jobs,2023-01-11T00:17:32.507Z,
https://www.linkedin.com/jobs/view/3427761504/,3427761504,TELUS International,Online Data Analyst,https://media.licdn.com/dms/image/C560BAQHAe-roNpTebg/company-logo_100_100/0/1657119739427?e=1681344000&v=beta&t=abRJhqdDHE2B4QU2b7Nf9DdBoG9E2LLUhrGAK0XGqt8,https://www.linkedin.com/company/1258653/,"Calgary, AB",Remote,1 alum works here,,false,true,0,https://www.linkedin.com/jobs/view/3427761504/,https://www.linkedin.com/jobs/search/?currentJobId=3430764030&f_E=1%2C2%2C3&f_T=340&f_TPR=r604800&geoId=101174742&keywords=data%20analyst&sortBy=R,Jobs,2023-01-11T00:17:32.508Z,true
https://www.linkedin.com/jobs/view/3428882787/,3428882787,TELUS International,Online Data Analyst,https://media.licdn.com/dms/image/C560BAQHAe-roNpTebg/company-logo_100_100/0/1657119739427?e=1681344000&v=beta&t=abRJhqdDHE2B4QU2b7Nf9DdBoG9E2LLUhrGAK0XGqt8,https://www.linkedin.com/company/1258653/,"Victoria, BC",Remote,1 alum works here,,false,true,0,https://www.linkedin.com/jobs/view/3428882787/,https://www.linkedin.com/jobs/search/?currentJobId=3430764030&f_E=1%2C2%2C3&f_T=340&f_TPR=r604800&geoId=101174742&keywords=data%20analyst&sortBy=R,Jobs,2023-01-11T00:17:32.508Z,true
https://www.linkedin.com/jobs/view/3402382189/,3402382189,CGI,Data Analyst,https://media.licdn.com/dms/image/C4E0BAQErzXWSFkn9tQ/company-logo_100_100/0/1663664110409?e=1681344000&v=beta&t=k9hzh1goN3FYo-7PMiV3qUFcHvBfQvh8bvLmYsb0l8I,https://www.linkedin.com/company/1415/,"Toronto, ON",,2 connections work here,,false,true,0,https://www.linkedin.com/jobs/view/3402382189/,https://www.linkedin.com/jobs/search/?currentJobId=3430764030&f_E=1%2C2%2C3&f_T=340&f_TPR=r604800&geoId=101174742&keywords=data%20analyst&sortBy=R,Jobs,2023-01-11T00:17:32.508Z,
https://www.linkedin.com/jobs/view/3428882722/,3428882722,TELUS International,Online Data Analyst,https://media.licdn.com/dms/image/C560BAQHAe-roNpTebg/company-logo_100_100/0/1657119739427?e=1681344000&v=beta&t=abRJhqdDHE2B4QU2b7Nf9DdBoG9E2LLUhrGAK0XGqt8,https://www.linkedin.com/company/1258653/,"Calgary, AB",Remote,1 alum works here,,false,true,0,https://www.linkedin.com/jobs/view/3428882722/,https://www.linkedin.com/jobs/search/?currentJobId=3430764030&f_E=1%2C2%2C3&f_T=340&f_TPR=r604800&geoId=101174742&keywords=data%20analyst&sortBy=R,Jobs,2023-01-11T00:17:32.508Z,true
https://www.linkedin.com/jobs/view/3428886159/,3428886159,TELUS International,Online Data Analyst,https://media.licdn.com/dms/image/C560BAQHAe-roNpTebg/company-logo_100_100/0/1657119739427?e=1681344000&v=beta&t=abRJhqdDHE2B4QU2b7Nf9DdBoG9E2LLUhrGAK0XGqt8,https://www.linkedin.com/company/1258653/,"Vancouver, BC",Remote,1 alum works here,,false,true,0,https://www.linkedin.com/jobs/view/3428886159/,https://www.linkedin.com/jobs/search/?currentJobId=3430764030&f_E=1%2C2%2C3&f_T=340&f_TPR=r604800&geoId=101174742&keywords=data%20analyst&sortBy=R,Jobs,2023-01-11T00:17:32.508Z,true
https://www.linkedin.com/jobs/view/3429518986/,3429518986,Gateway Casinos and Entertainment Limited,Data Analyst,https://media.licdn.com/dms/image/C560BAQFMcskKkd9HfQ/company-logo_100_100/0/1542758486931?e=1681344000&v=beta&t=DqC_-RADuHrwLxd8ahSAs81gXy6uZx3VjYmq9bd2Z-E,https://www.linkedin.com/company/1207696/,"Burnaby, BC",On-site,1 alum works here,2023-01-06,false,false,0,https://www.linkedin.com/jobs/view/3429518986/,https://www.linkedin.com/jobs/search/?currentJobId=3430764030&f_E=1%2C2%2C3&f_T=340&f_TPR=r604800&geoId=101174742&keywords=data%20analyst&sortBy=R,Jobs,2023-01-11T00:17:32.508Z,
https://www.linkedin.com/jobs/view/3432804528/,3432804528,TELUS International AI Data Solutions,Online Data Analyst | French (Canada) | Freelance Remote Job,https://media.licdn.com/dms/image/C4E0BAQFbk29MG-bWYg/company-logo_100_100/0/1658243938099?e=1681344000&v=beta&t=YEpIBOb3l72b15V_KB92QbhZnQph2keJR1l-Mxv5IxE,https://www.linkedin.com/company/6611939/,Canada,Remote,Actively recruiting,,false,true,0,https://www.linkedin.com/jobs/view/3432804528/,https://www.linkedin.com/jobs/search/?currentJobId=3430764030&f_E=1%2C2%2C3&f_T=340&f_TPR=r604800&geoId=101174742&keywords=data%20analyst&sortBy=R,Jobs,2023-01-11T00:17:32.508Z,true
https://www.linkedin.com/jobs/view/3428882660/,3428882660,TELUS International,Online Data Analyst,https://media.licdn.com/dms/image/C560BAQHAe-roNpTebg/company-logo_100_100/0/1657119739427?e=1681344000&v=beta&t=abRJhqdDHE2B4QU2b7Nf9DdBoG9E2LLUhrGAK0XGqt8,https://www.linkedin.com/company/1258653/,"Ottawa, ON",Remote,1 alum works here,,false,true,0,https://www.linkedin.com/jobs/view/3428882660/,https://www.linkedin.com/jobs/search/?currentJobId=3430764030&f_E=1%2C2%2C3&f_T=340&f_TPR=r604800&geoId=101174742&keywords=data%20analyst&sortBy=R,Jobs,2023-01-11T00:17:32.508Z,true
https://www.linkedin.com/jobs/view/3428880788/,3428880788,TELUS International,Online Data Analyst,https://media.licdn.com/dms/image/C560BAQHAe-roNpTebg/company-logo_100_100/0/1657119739427?e=1681344000&v=beta&t=abRJhqdDHE2B4QU2b7Nf9DdBoG9E2LLUhrGAK0XGqt8,https://www.linkedin.com/company/1258653/,"Edmonton, AB",Remote,1 alum works here,,false,true,0,https://www.linkedin.com/jobs/view/3428880788/,https://www.linkedin.com/jobs/search/?currentJobId=3430764030&f_E=1%2C2%2C3&f_T=340&f_TPR=r604800&geoId=101174742&keywords=data%20analyst&sortBy=R,Jobs,2023-01-11T00:17:32.508Z,true
https://www.linkedin.com/jobs/view/3428887119/,3428887119,TELUS International,Online Data Analyst,https://media.licdn.com/dms/image/C560BAQHAe-roNpTebg/company-logo_100_100/0/1657119739427?e=1681344000&v=beta&t=abRJhqdDHE2B4QU2b7Nf9DdBoG9E2LLUhrGAK0XGqt8,https://www.linkedin.com/company/1258653/,"Toronto, ON",Remote,1 alum works here,,false,true,0,https://www.linkedin.com/jobs/view/3428887119/,https://www.linkedin.com/jobs/search/?currentJobId=3430764030&f_E=1%2C2%2C3&f_T=340&f_TPR=r604800&geoId=101174742&keywords=data%20analyst&sortBy=R,Jobs,2023-01-11T00:17:32.508Z,true
https://www.linkedin.com/jobs/view/3432803489/,3432803489,TELUS International AI Data Solutions,Work From Home | Online Data Analyst - French (CA),https://media.licdn.com/dms/image/C4E0BAQFbk29MG-bWYg/company-logo_100_100/0/1658243938099?e=1681344000&v=beta&t=YEpIBOb3l72b15V_KB92QbhZnQph2keJR1l-Mxv5IxE,https://www.linkedin.com/company/6611939/,Canada,Remote,Actively recruiting,,false,true,0,https://www.linkedin.com/jobs/view/3432803489/,https://www.linkedin.com/jobs/search/?currentJobId=3430764030&f_E=1%2C2%2C3&f_T=340&f_TPR=r604800&geoId=101174742&keywords=data%20analyst&sortBy=R,Jobs,2023-01-11T00:17:32.508Z,true
https://www.linkedin.com/jobs/view/3392173816/,3392173816,FlightHub,Data Analyst / Analyste de données,https://media.licdn.com/dms/image/C4E0BAQHQEmIfMva0CA/company-logo_100_100/0/1658861507319?e=1681344000&v=beta&t=WNiTRjwNqcg0qt8pQh2F8refgz2OcXAptodqUqiQ1L4,https://www.linkedin.com/company/5197273/,"Montreal, QC",On-site,Your profile matches this job,2023-01-04,true,false,0,https://www.linkedin.com/jobs/view/3392173816/,https://www.linkedin.com/jobs/search/?currentJobId=3430764030&f_E=1%2C2%2C3&f_T=340&f_TPR=r604800&geoId=101174742&keywords=data%20analyst&sortBy=R,Jobs,2023-01-11T00:17:32.508Z,
https://www.linkedin.com/jobs/view/3400938140/,3400938140,GeoComply,Data Analyst,https://media.licdn.com/dms/image/D560BAQGZ7NTvP-TvlQ/company-logo_100_100/0/1665207936274?e=1681344000&v=beta&t=KXaG6t-UO2um1Rono-KLhKOGl4Ub8oWKtQtghwHMXiw,https://www.linkedin.com/company/2457172/,"Toronto, ON",On-site,Actively recruiting,,false,true,0,https://www.linkedin.com/jobs/view/3400938140/,https://www.linkedin.com/jobs/search/?currentJobId=3430764030&f_E=1%2C2%2C3&f_T=340&f_TPR=r604800&geoId=101174742&keywords=data%20analyst&sortBy=R,Jobs,2023-01-11T00:17:32.508Z,
https://www.linkedin.com/jobs/view/3283799868/,3283799868,Celestica,"Student Intern, Data Analyst & Quote Controller",https://media.licdn.com/dms/image/C560BAQHxmAKbmcS7Cg/company-logo_100_100/0/1656937822006?e=1681344000&v=beta&t=JAp0n3Fkf_jeaM7XMEQLs9cxj5-42Ccw0g2X-Cf6VnM,https://www.linkedin.com/company/3392/,"Toronto, ON",,Actively recruiting,,false,true,0,https://www.linkedin.com/jobs/view/3283799868/,https://www.linkedin.com/jobs/search/?currentJobId=3430764030&f_E=1%2C2%2C3&f_T=340&f_TPR=r604800&geoId=101174742&keywords=data%20analyst&sortBy=R,Jobs,2023-01-11T00:17:32.508Z,
https://www.linkedin.com/jobs/view/3424671781/,3424671781,Agoda,"Senior Business Intelligence, Strategic Partnerships( Bangkok based)",https://media.licdn.com/dms/image/C4D0BAQGBa_7QNZNwpw/company-logo_100_100/0/1656643826125?e=1681344000&v=beta&t=SUIsNhIEG42goShn8zhSnCbXX3SEdrBG0Fv1nhUC_mY,https://www.linkedin.com/company/66719/,"Greater Montreal, QC",,Actively recruiting,,false,true,0,https://www.linkedin.com/jobs/view/3424671781/,https://www.linkedin.com/jobs/search/?currentJobId=3430764030&f_E=1%2C2%2C3&f_T=340&f_TPR=r604800&geoId=101174742&keywords=data%20analyst&sortBy=R,Jobs,2023-01-11T00:17:37.628Z,
https://www.linkedin.com/jobs/view/3333574691/,3333574691,CN,Analyste Exploitation des données,https://media.licdn.com/dms/image/C560BAQHsLxjupCIwow/company-logo_100_100/0/1613748322897?e=1681344000&v=beta&t=sZJ2hMbfVsnYlbAv_LHouFDPsCO2ibBWmOwkzVAVr5g,https://www.linkedin.com/company/307460/,"Ottawa, ON",On-site,1 company alumnus works here,,false,true,23,https://www.linkedin.com/jobs/view/3333574691/,https://www.linkedin.com/jobs/search/?currentJobId=3430764030&f_E=1%2C2%2C3&f_T=340&f_TPR=r604800&geoId=101174742&keywords=data%20analyst&sortBy=R,Jobs,2023-01-11T00:17:37.628Z,
https://www.linkedin.com/jobs/view/3406541271/,3406541271,McKesson Canada,Analyste associé principal de la gestion des données - contrat de 6 mois (hybride)/ Sr. Associate Data Management Analyst - 6 months contract (Hybrid),https://media.licdn.com/dms/image/C560BAQHxFELwl4sXew/company-logo_100_100/0/1656687376026?e=1681344000&v=beta&t=kmFHEtYdE_FfX7PVdXU5IYjUYmeK2Xtgiaku6GQc5YU,https://www.linkedin.com/company/1341185/,"Montreal, Quebec, Canada",On-site,Actively recruiting,,false,true,0,https://www.linkedin.com/jobs/view/3406541271/,https://www.linkedin.com/jobs/search/?currentJobId=3430764030&f_E=1%2C2%2C3&f_T=340&f_TPR=r604800&geoId=101174742&keywords=data%20analyst&sortBy=R,Jobs,2023-01-11T00:17:37.629Z,
https://www.linkedin.com/jobs/view/3428890282/,3428890282,TELUS International,Online Data Analyst - French Language,https://media.licdn.com/dms/image/C560BAQHAe-roNpTebg/company-logo_100_100/0/1657119739427?e=1681344000&v=beta&t=abRJhqdDHE2B4QU2b7Nf9DdBoG9E2LLUhrGAK0XGqt8,https://www.linkedin.com/company/1258653/,"Lévis, QC",Remote,1 alum works here,,false,true,16,https://www.linkedin.com/jobs/view/3428890282/,https://www.linkedin.com/jobs/search/?currentJobId=3430764030&f_E=1%2C2%2C3&f_T=340&f_TPR=r604800&geoId=101174742&keywords=data%20analyst&sortBy=R,Jobs,2023-01-11T00:17:37.629Z,true
https://www.linkedin.com/jobs/view/3422055413/,3422055413,BCJobs,Data Analyst (Equest),https://media.licdn.com/dms/image/C560BAQEnl7AEDJmM-Q/company-logo_100_100/0/1591218960641?e=1681344000&v=beta&t=n1rllXh-_YtckhNkxWyo1cijkkEp_4o6B9AdhmorsUw,https://www.linkedin.com/company/239422/,"Burnaby, BC",On-site,,2023-01-04,false,false,0,https://www.linkedin.com/jobs/view/3422055413/,https://www.linkedin.com/jobs/search/?currentJobId=3430764030&f_E=1%2C2%2C3&f_T=340&f_TPR=r604800&geoId=101174742&keywords=data%20analyst&sortBy=R,Jobs,2023-01-11T00:17:37.629Z,
https://www.linkedin.com/jobs/view/3309076488/,3309076488,Caisse de dépôt et placement du Québec (CDPQ),"Analyste, Opérations – Données et transactions- FR",https://media.licdn.com/dms/image/C4D0BAQH9rJpCiVC93g/company-logo_100_100/0/1607110527777?e=1681344000&v=beta&t=-Mgj9WYl4_3niWiZqlRjehsMAyij2vveroTu40QUGAQ,https://www.linkedin.com/company/661323/,"Montreal, QC",,,,false,true,0,https://www.linkedin.com/jobs/view/3309076488/,https://www.linkedin.com/jobs/search/?currentJobId=3430764030&f_E=1%2C2%2C3&f_T=340&f_TPR=r604800&geoId=101174742&keywords=data%20analyst&sortBy=R,Jobs,2023-01-11T00:17:37.629Z,
https://www.linkedin.com/jobs/view/3375124929/,3375124929,Definity,"Analyst, Quality Engineering - Data & Analytics",https://media.licdn.com/dms/image/C560BAQEwr8uz3OnMaA/company-logo_100_100/0/1656940128975?e=1681344000&v=beta&t=0Agmlwy9CGrhBvlZk33d3PhW9n8w07C-vga3sGnPMpo,https://www.linkedin.com/company/77397635/,"Toronto, ON",Hybrid,Actively recruiting,,false,true,0,https://www.linkedin.com/jobs/view/3375124929/,https://www.linkedin.com/jobs/search/?currentJobId=3430764030&f_E=1%2C2%2C3&f_T=340&f_TPR=r604800&geoId=101174742&keywords=data%20analyst&sortBy=R,Jobs,2023-01-11T00:17:37.629Z,
https://www.linkedin.com/jobs/view/3284521171/,3284521171,Celestica,"Student Intern, Inventory & Data Analytics",https://media.licdn.com/dms/image/C560BAQHxmAKbmcS7Cg/company-logo_100_100/0/1656937822006?e=1681344000&v=beta&t=JAp0n3Fkf_jeaM7XMEQLs9cxj5-42Ccw0g2X-Cf6VnM,https://www.linkedin.com/company/3392/,"Mississauga, ON",,Actively recruiting,,false,true,0,https://www.linkedin.com/jobs/view/3284521171/,https://www.linkedin.com/jobs/search/?currentJobId=3430764030&f_E=1%2C2%2C3&f_T=340&f_TPR=r604800&geoId=101174742&keywords=data%20analyst&sortBy=R,Jobs,2023-01-11T00:17:37.629Z,
https://www.linkedin.com/jobs/view/3409126199/,3409126199,Harnham,Product Analyst,https://media.licdn.com/dms/image/C4E0BAQHy3DcTavEkHQ/company-logo_100_100/0/1654428475837?e=1681344000&v=beta&t=2HouJfraAjWrDyaptejCWuqBVt80Fg0gjiXndrQxNG0,https://www.linkedin.com/company/280603/,Canada,Remote,Actively recruiting,,true,true,0,https://www.linkedin.com/jobs/view/3409126199/,https://www.linkedin.com/jobs/search/?currentJobId=3430764030&f_E=1%2C2%2C3&f_T=340&f_TPR=r604800&geoId=101174742&keywords=data%20analyst&sortBy=R,Jobs,2023-01-11T00:17:37.629Z,true
https://www.linkedin.com/jobs/view/3428890096/,3428890096,TELUS International,Online Data Analyst,https://media.licdn.com/dms/image/C560BAQHAe-roNpTebg/company-logo_100_100/0/1657119739427?e=1681344000&v=beta&t=abRJhqdDHE2B4QU2b7Nf9DdBoG9E2LLUhrGAK0XGqt8,https://www.linkedin.com/company/1258653/,"Clarke City, QC",Remote,1 alum works here,2023-01-06,false,false,0,https://www.linkedin.com/jobs/view/3428890096/,https://www.linkedin.com/jobs/search/?currentJobId=3430764030&f_E=1%2C2%2C3&f_T=340&f_TPR=r604800&geoId=101174742&keywords=data%20analyst&sortBy=R,Jobs,2023-01-11T00:17:37.629Z,true
https://www.linkedin.com/jobs/view/3430780156/,3430780156,iA Financial Group (Industrial Alliance),Étudiant(e) - Analyste de données,https://media.licdn.com/dms/image/C4D0BAQGdx0U2pvqZBA/company-logo_100_100/0/1519856553409?e=1681344000&v=beta&t=TorUE2q2OaoALxlUDHqTSiWGPEz21YGu4PQ4gS9DOIA,https://www.linkedin.com/company/19136/,"Québec, QC",,Actively recruiting,2023-01-10,false,false,0,https://www.linkedin.com/jobs/view/3430780156/,https://www.linkedin.com/jobs/search/?currentJobId=3430764030&f_E=1%2C2%2C3&f_T=340&f_TPR=r604800&geoId=101174742&keywords=data%20analyst&sortBy=R,Jobs,2023-01-11T00:17:37.629Z,
https://www.linkedin.com/jobs/view/3430391635/,3430391635,iTEL,Continuous Improvement Data Analyst (KGN),https://media.licdn.com/dms/image/D4E0BAQEjaWS1csblNg/company-logo_100_100/0/1665397569262?e=1681344000&v=beta&t=OW7_ZSCUg1hUyhtK18c5z8Q49TLbtE9COIKH1lRCHX4,https://www.linkedin.com/company/88965852/,"Kingston, ON",Hybrid,,2023-01-07,false,false,1,https://www.linkedin.com/jobs/view/3430391635/,https://www.linkedin.com/jobs/search/?currentJobId=3430764030&f_E=1%2C2%2C3&f_T=340&f_TPR=r604800&geoId=101174742&keywords=data%20analyst&sortBy=R,Jobs,2023-01-11T00:17:37.629Z,
https://www.linkedin.com/jobs/view/3422052759/,3422052759,BCJobs,Data Analyst (Equest),https://media.licdn.com/dms/image/C560BAQEnl7AEDJmM-Q/company-logo_100_100/0/1591218960641?e=1681344000&v=beta&t=n1rllXh-_YtckhNkxWyo1cijkkEp_4o6B9AdhmorsUw,https://www.linkedin.com/company/239422/,"Surrey, BC",On-site,,2023-01-04,false,false,0,https://www.linkedin.com/jobs/view/3422052759/,https://www.linkedin.com/jobs/search/?currentJobId=3430764030&f_E=1%2C2%2C3&f_T=340&f_TPR=r604800&geoId=101174742&keywords=data%20analyst&sortBy=R,Jobs,2023-01-11T00:17:37.630Z,
https://www.linkedin.com/jobs/view/3239456257/,3239456257,TELUS International,Online Data Analyst - Canada,https://media.licdn.com/dms/image/C560BAQHAe-roNpTebg/company-logo_100_100/0/1657119739427?e=1681344000&v=beta&t=abRJhqdDHE2B4QU2b7Nf9DdBoG9E2LLUhrGAK0XGqt8,https://www.linkedin.com/company/1258653/,Canada,Remote,1 alum works here,2023-01-06,false,false,0,https://www.linkedin.com/jobs/view/3239456257/,https://www.linkedin.com/jobs/search/?currentJobId=3430764030&f_E=1%2C2%2C3&f_T=340&f_TPR=r604800&geoId=101174742&keywords=data%20analyst&sortBy=R,Jobs,2023-01-11T00:17:37.630Z,true
https://www.linkedin.com/jobs/view/3424476687/,3424476687,Epsilon Solutions Ltd.,Sr Data Analyst,https://media.licdn.com/dms/image/C510BAQHhJ2g0Q9Wd9A/company-logo_100_100/0/1575490287390?e=1681344000&v=beta&t=tKTBVUqJsq1yGogaezJZi7gzA9DrQMA3l19hLbxHpZY,https://www.linkedin.com/company/7598320/,"Calgary, AB",On-site,Your profile matches this job,2023-01-07,false,false,22,https://www.linkedin.com/jobs/view/3424476687/,https://www.linkedin.com/jobs/search/?currentJobId=3430764030&f_E=1%2C2%2C3&f_T=340&f_TPR=r604800&geoId=101174742&keywords=data%20analyst&sortBy=R,Jobs,2023-01-11T00:17:37.630Z,
https://www.linkedin.com/jobs/view/3419668429/,3419668429,BNP Paribas,Data Leakage Analyste de prévention - Gradue (e),https://media.licdn.com/dms/image/C4E0BAQGaPfduOoKCJA/company-logo_100_100/0/1669711365188?e=1681344000&v=beta&t=YS6hNOUuGsipR_u0InQja0f9MDA8J5BKcMZXnv5ywz8,https://www.linkedin.com/company/1508/,"Montreal, QC",On-site,Actively recruiting,2023-01-04,false,false,5,https://www.linkedin.com/jobs/view/3419668429/,https://www.linkedin.com/jobs/search/?currentJobId=3430764030&f_E=1%2C2%2C3&f_T=340&f_TPR=r604800&geoId=101174742&keywords=data%20analyst&sortBy=R,Jobs,2023-01-11T00:17:37.630Z,
https://www.linkedin.com/jobs/view/3426715413/,3426715413,PCL Construction,Analytics Student,https://media.licdn.com/dms/image/C4E0BAQFhsal65WA5zg/company-logo_100_100/0/1638546274928?e=1681344000&v=beta&t=K72YjBzF86f7DcSaezb5DwrwgXVv4m6FVUAfzRyQQ-8,https://www.linkedin.com/company/15739/,"Edmonton, AB",On-site,Actively recruiting,2023-01-05,false,false,22,https://www.linkedin.com/jobs/view/3426715413/,https://www.linkedin.com/jobs/search/?currentJobId=3430764030&f_E=1%2C2%2C3&f_T=340&f_TPR=r604800&geoId=101174742&keywords=data%20analyst&sortBy=R,Jobs,2023-01-11T00:17:37.630Z,
https://www.linkedin.com/jobs/view/3429584267/,3429584267,Gateway Casinos Corporate Office,Data Analyst,,,"Burnaby, BC",On-site,,2023-01-07,false,false,13,https://www.linkedin.com/jobs/view/3429584267/,https://www.linkedin.com/jobs/search/?currentJobId=3430764030&f_E=1%2C2%2C3&f_T=340&f_TPR=r604800&geoId=101174742&keywords=data%20analyst&sortBy=R,Jobs,2023-01-11T00:17:37.630Z,
https://www.linkedin.com/jobs/view/3420775507/,3420775507,Mier Human Capital,Bilingual Junior Data Analyst (French & English),https://media.licdn.com/dms/image/C560BAQGRiDGPL80a7Q/company-logo_100_100/0/1603463177720?e=1681344000&v=beta&t=FOJ_sf84VWDOp0UXG73cAueslHJhAnY6I5uuU9dDehE,https://www.linkedin.com/company/1129390/,"Toronto, ON",,,2023-01-05,false,false,11,https://www.linkedin.com/jobs/view/3420775507/,https://www.linkedin.com/jobs/search/?currentJobId=3430764030&f_E=1%2C2%2C3&f_T=340&f_TPR=r604800&geoId=101174742&keywords=data%20analyst&sortBy=R,Jobs,2023-01-11T00:17:37.630Z,
https://www.linkedin.com/jobs/view/3428885867/,3428885867,TELUS International,Online Data Analyst - French Language,https://media.licdn.com/dms/image/C560BAQHAe-roNpTebg/company-logo_100_100/0/1657119739427?e=1681344000&v=beta&t=abRJhqdDHE2B4QU2b7Nf9DdBoG9E2LLUhrGAK0XGqt8,https://www.linkedin.com/company/1258653/,"Montreal, QC",Remote,1 alum works here,2023-01-06,false,false,0,https://www.linkedin.com/jobs/view/3428885867/,https://www.linkedin.com/jobs/search/?currentJobId=3430764030&f_E=1%2C2%2C3&f_T=340&f_TPR=r604800&geoId=101174742&keywords=data%20analyst&sortBy=R,Jobs,2023-01-11T00:17:37.630Z,true
https://www.linkedin.com/jobs/view/3425277492/,3425277492,ATB Financial,Research & Insights Analyst,https://media.licdn.com/dms/image/D560BAQHwyCb2MaMrLw/company-logo_100_100/0/1665942612018?e=1681344000&v=beta&t=K7L_l3sX540kd1ADPs2rZdg19NwHsjS543UWBYR3CP8,https://www.linkedin.com/company/12526/,"Calgary, AB",,5 alumni work here,2023-01-06,true,false,0,https://www.linkedin.com/jobs/view/3425277492/,https://www.linkedin.com/jobs/search/?currentJobId=3430764030&f_E=1%2C2%2C3&f_T=340&f_TPR=r604800&geoId=101174742&keywords=data%20analyst&sortBy=R,Jobs,2023-01-11T00:17:37.630Z,
https://www.linkedin.com/jobs/view/3433551031/,3433551031,BRP,Consumer Insights Specialist,https://media.licdn.com/dms/image/C560BAQHmqBJXjEyd4w/company-logo_100_100/0/1634679401721?e=1681344000&v=beta&t=V1tsCaxeDvsV9k6-mV_KuEBgdS8q2Np_XcM-fhb9NGk,https://www.linkedin.com/company/10580/,Greater Montreal Metropolitan Area,Hybrid,Actively recruiting,2023-01-10,false,false,0,https://www.linkedin.com/jobs/view/3433551031/,https://www.linkedin.com/jobs/search/?currentJobId=3430764030&f_E=1%2C2%2C3&f_T=340&f_TPR=r604800&geoId=101174742&keywords=data%20analyst&sortBy=R,Jobs,2023-01-11T00:17:37.630Z,
https://www.linkedin.com/jobs/view/3425107114/,3425107114,West Fraser,Market Insights Analyst,https://media.licdn.com/dms/image/C4D0BAQGWmB7PJxwawQ/company-logo_100_100/0/1519856079308?e=1681344000&v=beta&t=s8K2dzUP2FJXBeamEZIvCylfNewwxkXhIiZVtnvhV7E,https://www.linkedin.com/company/19175/,"Toronto, ON",On-site,Actively recruiting,2023-01-04,false,false,0,https://www.linkedin.com/jobs/view/3425107114/,https://www.linkedin.com/jobs/search/?currentJobId=3430764030&f_E=1%2C2%2C3&f_T=340&f_TPR=r604800&geoId=101174742&keywords=data%20analyst&sortBy=R,Jobs,2023-01-11T00:17:37.630Z,
https://www.linkedin.com/jobs/view/3424003036/,3424003036,BCJobs,STO-RE 21R - Spatial Data Analyst (BC Public Service),https://media.licdn.com/dms/image/C560BAQEnl7AEDJmM-Q/company-logo_100_100/0/1591218960641?e=1681344000&v=beta&t=n1rllXh-_YtckhNkxWyo1cijkkEp_4o6B9AdhmorsUw,https://www.linkedin.com/company/239422/,"Abbotsford, BC",On-site,,2023-01-05,false,false,5,https://www.linkedin.com/jobs/view/3424003036/,https://www.linkedin.com/jobs/search/?currentJobId=3430764030&f_E=1%2C2%2C3&f_T=340&f_TPR=r604800&geoId=101174742&keywords=data%20analyst&sortBy=R,Jobs,2023-01-11T00:17:37.631Z,
https://www.linkedin.com/jobs/view/3430081996/,3430081996,TELUS International AI Data Solutions,Work From Home Freelance - Online Data Analyst - English (CA),https://media.licdn.com/dms/image/C4E0BAQFbk29MG-bWYg/company-logo_100_100/0/1658243938099?e=1681344000&v=beta&t=YEpIBOb3l72b15V_KB92QbhZnQph2keJR1l-Mxv5IxE,https://www.linkedin.com/company/6611939/,"Quebec, Canada",Remote,Actively recruiting,2023-01-10,false,false,0,https://www.linkedin.com/jobs/view/3430081996/,https://www.linkedin.com/jobs/search/?currentJobId=3430764030&f_E=1%2C2%2C3&f_T=340&f_TPR=r604800&geoId=101174742&keywords=data%20analyst&sortBy=R,Jobs,2023-01-11T00:17:37.631Z,true
https://www.linkedin.com/jobs/view/3398950399/,3398950399,CN,"Analyste, conversion de données SAP et gouvernance",https://media.licdn.com/dms/image/C560BAQHsLxjupCIwow/company-logo_100_100/0/1613748322897?e=1681344000&v=beta&t=sZJ2hMbfVsnYlbAv_LHouFDPsCO2ibBWmOwkzVAVr5g,https://www.linkedin.com/company/307460/,"Toronto, ON",On-site,2 alumni work here,,false,true,10,https://www.linkedin.com/jobs/view/3398950399/,https://www.linkedin.com/jobs/search/?currentJobId=3430764030&f_E=1%2C2%2C3&f_T=340&f_TPR=r604800&geoId=101174742&keywords=data%20analyst&sortBy=R,Jobs,2023-01-11T00:17:42.382Z,
https://www.linkedin.com/jobs/view/3398934370/,3398934370,CN,"Analyst, SAP Data Conversion and Governance",https://media.licdn.com/dms/image/C560BAQHsLxjupCIwow/company-logo_100_100/0/1613748322897?e=1681344000&v=beta&t=sZJ2hMbfVsnYlbAv_LHouFDPsCO2ibBWmOwkzVAVr5g,https://www.linkedin.com/company/307460/,"Montreal, QC",Hybrid,2 alumni work here,,false,true,18,https://www.linkedin.com/jobs/view/3398934370/,https://www.linkedin.com/jobs/search/?currentJobId=3430764030&f_E=1%2C2%2C3&f_T=340&f_TPR=r604800&geoId=101174742&keywords=data%20analyst&sortBy=R,Jobs,2023-01-11T00:17:42.382Z,
https://www.linkedin.com/jobs/view/3333576420/,3333576420,CN,Analyste Exploitation des données,https://media.licdn.com/dms/image/C560BAQHsLxjupCIwow/company-logo_100_100/0/1613748322897?e=1681344000&v=beta&t=sZJ2hMbfVsnYlbAv_LHouFDPsCO2ibBWmOwkzVAVr5g,https://www.linkedin.com/company/307460/,"Toronto, ON",On-site,2 alumni work here,,false,true,21,https://www.linkedin.com/jobs/view/3333576420/,https://www.linkedin.com/jobs/search/?currentJobId=3430764030&f_E=1%2C2%2C3&f_T=340&f_TPR=r604800&geoId=101174742&keywords=data%20analyst&sortBy=R,Jobs,2023-01-11T00:17:42.382Z,
https://www.linkedin.com/jobs/view/3398931989/,3398931989,CN,"Analyst, SAP Data Conversion and Governance",https://media.licdn.com/dms/image/C560BAQHsLxjupCIwow/company-logo_100_100/0/1613748322897?e=1681344000&v=beta&t=sZJ2hMbfVsnYlbAv_LHouFDPsCO2ibBWmOwkzVAVr5g,https://www.linkedin.com/company/307460/,"Vancouver, BC",Hybrid,1 company alumnus works here,,false,true,0,https://www.linkedin.com/jobs/view/3398931989/,https://www.linkedin.com/jobs/search/?currentJobId=3430764030&f_E=1%2C2%2C3&f_T=340&f_TPR=r604800&geoId=101174742&keywords=data%20analyst&sortBy=R,Jobs,2023-01-11T00:17:42.382Z,
https://www.linkedin.com/jobs/view/3303558603/,3303558603,TELUS International,Online Data Analyst Canada (French Language),https://media.licdn.com/dms/image/C560BAQHAe-roNpTebg/company-logo_100_100/0/1657119739427?e=1681344000&v=beta&t=abRJhqdDHE2B4QU2b7Nf9DdBoG9E2LLUhrGAK0XGqt8,https://www.linkedin.com/company/1258653/,Canada,Remote,1 alum works here,2023-01-06,false,false,0,https://www.linkedin.com/jobs/view/3303558603/,https://www.linkedin.com/jobs/search/?currentJobId=3430764030&f_E=1%2C2%2C3&f_T=340&f_TPR=r604800&geoId=101174742&keywords=data%20analyst&sortBy=R,Jobs,2023-01-11T00:17:42.382Z,true
https://www.linkedin.com/jobs/view/3398936113/,3398936113,CN,"Analyst, SAP Data Conversion and Governance",https://media.licdn.com/dms/image/C560BAQHsLxjupCIwow/company-logo_100_100/0/1613748322897?e=1681344000&v=beta&t=sZJ2hMbfVsnYlbAv_LHouFDPsCO2ibBWmOwkzVAVr5g,https://www.linkedin.com/company/307460/,"Toronto, ON",Hybrid,1 company alumnus works here,,false,true,0,https://www.linkedin.com/jobs/view/3398936113/,https://www.linkedin.com/jobs/search/?currentJobId=3430764030&f_E=1%2C2%2C3&f_T=340&f_TPR=r604800&geoId=101174742&keywords=data%20analyst&sortBy=R,Jobs,2023-01-11T00:17:42.382Z,
https://www.linkedin.com/jobs/view/3432802811/,3432802811,TELUS International AI Data Solutions,Freelance - French speaking Online Data Analyst,https://media.licdn.com/dms/image/C4E0BAQFbk29MG-bWYg/company-logo_100_100/0/1658243938099?e=1681344000&v=beta&t=YEpIBOb3l72b15V_KB92QbhZnQph2keJR1l-Mxv5IxE,https://www.linkedin.com/company/6611939/,"British Columbia, Canada",Remote,Actively recruiting,2023-01-09,false,false,10,https://www.linkedin.com/jobs/view/3432802811/,https://www.linkedin.com/jobs/search/?currentJobId=3430764030&f_E=1%2C2%2C3&f_T=340&f_TPR=r604800&geoId=101174742&keywords=data%20analyst&sortBy=R,Jobs,2023-01-11T00:17:42.383Z,true
https://www.linkedin.com/jobs/view/3432804543/,3432804543,TELUS International AI Data Solutions,Freelance - French speaking Online Data Analyst,https://media.licdn.com/dms/image/C4E0BAQFbk29MG-bWYg/company-logo_100_100/0/1658243938099?e=1681344000&v=beta&t=YEpIBOb3l72b15V_KB92QbhZnQph2keJR1l-Mxv5IxE,https://www.linkedin.com/company/6611939/,"Quebec, Canada",Remote,Actively recruiting,2023-01-09,false,false,12,https://www.linkedin.com/jobs/view/3432804543/,https://www.linkedin.com/jobs/search/?currentJobId=3430764030&f_E=1%2C2%2C3&f_T=340&f_TPR=r604800&geoId=101174742&keywords=data%20analyst&sortBy=R,Jobs,2023-01-11T00:17:42.383Z,true
https://www.linkedin.com/jobs/view/3432806217/,3432806217,TELUS International AI Data Solutions,Freelance - French speaking Online Data Analyst,https://media.licdn.com/dms/image/C4E0BAQFbk29MG-bWYg/company-logo_100_100/0/1658243938099?e=1681344000&v=beta&t=YEpIBOb3l72b15V_KB92QbhZnQph2keJR1l-Mxv5IxE,https://www.linkedin.com/company/6611939/,Canada,Remote,Actively recruiting,2023-01-09,false,false,16,https://www.linkedin.com/jobs/view/3432806217/,https://www.linkedin.com/jobs/search/?currentJobId=3430764030&f_E=1%2C2%2C3&f_T=340&f_TPR=r604800&geoId=101174742&keywords=data%20analyst&sortBy=R,Jobs,2023-01-11T00:17:42.383Z,true
https://www.linkedin.com/jobs/view/3434320841/,3434320841,Aston Carter,Customer Service Analyst (Data Entry),https://media.licdn.com/dms/image/C560BAQHA9jbkXXcMmQ/company-logo_100_100/0/1657026934313?e=1681344000&v=beta&t=VURSz0H4TeS2QTD4gjtsbo0wxMoVvR-ZgRmdCxQqHj4,https://www.linkedin.com/company/13153/,"Montreal, Quebec, Canada",Hybrid,Actively recruiting,2023-01-10,false,false,0,https://www.linkedin.com/jobs/view/3434320841/,https://www.linkedin.com/jobs/search/?currentJobId=3430764030&f_E=1%2C2%2C3&f_T=340&f_TPR=r604800&geoId=101174742&keywords=data%20analyst&sortBy=R,Jobs,2023-01-11T00:17:42.383Z,
https://www.linkedin.com/jobs/view/3434321121/,3434321121,Aston Carter,SAS Analyst,https://media.licdn.com/dms/image/C560BAQHA9jbkXXcMmQ/company-logo_100_100/0/1657026934313?e=1681344000&v=beta&t=VURSz0H4TeS2QTD4gjtsbo0wxMoVvR-ZgRmdCxQqHj4,https://www.linkedin.com/company/13153/,"Toronto, ON",Remote,Actively recruiting,2023-01-10,false,false,0,https://www.linkedin.com/jobs/view/3434321121/,https://www.linkedin.com/jobs/search/?currentJobId=3430764030&f_E=1%2C2%2C3&f_T=340&f_TPR=r604800&geoId=101174742&keywords=data%20analyst&sortBy=R,Jobs,2023-01-11T00:17:42.383Z,true
https://www.linkedin.com/jobs/view/3423647268/,3423647268,Amiga Informatics,Oracle Analytics Cloud (OAC) consultant,https://media.licdn.com/dms/image/C510BAQGle4LhKhKF6A/company-logo_100_100/0/1521562835381?e=1681344000&v=beta&t=hGkYtTd2ndoI-cRI1B4OX3iuX7m89ybzdlIIOw7mvqQ,https://www.linkedin.com/company/9496229/,"Edmonton, AB",Hybrid,Actively recruiting,2023-01-05,false,false,1,https://www.linkedin.com/jobs/view/3423647268/,https://www.linkedin.com/jobs/search/?currentJobId=3430764030&f_E=1%2C2%2C3&f_T=340&f_TPR=r604800&geoId=101174742&keywords=data%20analyst&sortBy=R,Jobs,2023-01-11T00:17:42.383Z,
https://www.linkedin.com/jobs/view/3420292860/,3420292860,Randstad Canada,Data Analytics Technical Mentor - RFP 17982,https://media.licdn.com/dms/image/C560BAQGG_cW3gLkJKQ/company-logo_100_100/0/1668796871304?e=1681344000&v=beta&t=UkZmpgbvE6z_lZii4feAD6SGSlvpUrduBJHn44l_g8k,https://www.linkedin.com/company/351109/,"North York, ON",Remote,Actively recruiting,2023-01-04,false,false,7,https://www.linkedin.com/jobs/view/3420292860/,https://www.linkedin.com/jobs/search/?currentJobId=3430764030&f_E=1%2C2%2C3&f_T=340&f_TPR=r604800&geoId=101174742&keywords=data%20analyst&sortBy=R,Jobs,2023-01-11T00:17:42.383Z,true
https://www.linkedin.com/jobs/view/3425257574/,3425257574,ECO Canada,Bilingual Research Coordinator & Data Analyst,https://media.licdn.com/dms/image/C560BAQHwmQkUnSP1lA/company-logo_100_100/0/1519868102239?e=1681344000&v=beta&t=PP3kVfsOTwqCji8xQgG4q50OtpcsS1GuDHbOh180ZB4,https://www.linkedin.com/company/323172/,"Calgary, AB",On-site,Your profile matches this job,2023-01-05,false,false,4,https://www.linkedin.com/jobs/view/3425257574/,https://www.linkedin.com/jobs/search/?currentJobId=3430764030&f_E=1%2C2%2C3&f_T=340&f_TPR=r604800&geoId=101174742&keywords=data%20analyst&sortBy=R,Jobs,2023-01-11T00:17:42.383Z,
https://www.linkedin.com/jobs/view/3398949525/,3398949525,CN,"Analyste, conversion de données SAP et gouvernance",https://media.licdn.com/dms/image/C560BAQHsLxjupCIwow/company-logo_100_100/0/1613748322897?e=1681344000&v=beta&t=sZJ2hMbfVsnYlbAv_LHouFDPsCO2ibBWmOwkzVAVr5g,https://www.linkedin.com/company/307460/,"Vancouver, BC",On-site,2 alumni work here,2023-01-09,false,false,15,https://www.linkedin.com/jobs/view/3398949525/,https://www.linkedin.com/jobs/search/?currentJobId=3430764030&f_E=1%2C2%2C3&f_T=340&f_TPR=r604800&geoId=101174742&keywords=data%20analyst&sortBy=R,Jobs,2023-01-11T00:17:42.383Z,
https://www.linkedin.com/jobs/view/3398951227/,3398951227,CN,"Analyste, conversion de données SAP et gouvernance",https://media.licdn.com/dms/image/C560BAQHsLxjupCIwow/company-logo_100_100/0/1613748322897?e=1681344000&v=beta&t=sZJ2hMbfVsnYlbAv_LHouFDPsCO2ibBWmOwkzVAVr5g,https://www.linkedin.com/company/307460/,"Montreal, QC",On-site,2 alumni work here,2023-01-09,false,false,24,https://www.linkedin.com/jobs/view/3398951227/,https://www.linkedin.com/jobs/search/?currentJobId=3430764030&f_E=1%2C2%2C3&f_T=340&f_TPR=r604800&geoId=101174742&keywords=data%20analyst&sortBy=R,Jobs,2023-01-11T00:17:42.383Z,
https://www.linkedin.com/jobs/view/3398952197/,3398952197,CN,"Analyste, conversion de données SAP et gouvernance",https://media.licdn.com/dms/image/C560BAQHsLxjupCIwow/company-logo_100_100/0/1613748322897?e=1681344000&v=beta&t=sZJ2hMbfVsnYlbAv_LHouFDPsCO2ibBWmOwkzVAVr5g,https://www.linkedin.com/company/307460/,"Calgary, AB",On-site,1 company alumnus works here,2023-01-09,false,false,11,https://www.linkedin.com/jobs/view/3398952197/,https://www.linkedin.com/jobs/search/?currentJobId=3430764030&f_E=1%2C2%2C3&f_T=340&f_TPR=r604800&geoId=101174742&keywords=data%20analyst&sortBy=R,Jobs,2023-01-11T00:17:42.383Z,
https://www.linkedin.com/jobs/view/3398948777/,3398948777,CN,"Analyste, conversion de données SAP et gouvernance",https://media.licdn.com/dms/image/C560BAQHsLxjupCIwow/company-logo_100_100/0/1613748322897?e=1681344000&v=beta&t=sZJ2hMbfVsnYlbAv_LHouFDPsCO2ibBWmOwkzVAVr5g,https://www.linkedin.com/company/307460/,"Ottawa, ON",On-site,2 alumni work here,2023-01-09,false,false,7,https://www.linkedin.com/jobs/view/3398948777/,https://www.linkedin.com/jobs/search/?currentJobId=3430764030&f_E=1%2C2%2C3&f_T=340&f_TPR=r604800&geoId=101174742&keywords=data%20analyst&sortBy=R,Jobs,2023-01-11T00:17:42.383Z,
https://www.linkedin.com/jobs/view/3382520296/,3382520296,Technical Standards & Safety Authority (TSSA),Business Intelligence Analyst,https://media.licdn.com/dms/image/C510BAQGhLRe1vQvETQ/company-logo_100_100/0/1572640913138?e=1681344000&v=beta&t=6owL9Cb5grHMjS_T3GVgeb9r3ZgisMgwJQXUKYrg9oM,https://www.linkedin.com/company/24765420/,"Toronto, ON",Hybrid,Actively recruiting,2023-01-08,true,false,0,https://www.linkedin.com/jobs/view/3382520296/,https://www.linkedin.com/jobs/search/?currentJobId=3430764030&f_E=1%2C2%2C3&f_T=340&f_TPR=r604800&geoId=101174742&keywords=data%20analyst&sortBy=R,Jobs,2023-01-11T00:17:42.383Z,
https://www.linkedin.com/jobs/view/3422118374/,3422118374,Toronto Police Service,Criminal Intelligence Analyst,https://media.licdn.com/dms/image/C4E0BAQEXHCK87APf4A/company-logo_100_100/0/1549478165802?e=1681344000&v=beta&t=kgvJ5p15QH0g11Vg1uqkShyqw-x96iYTF-i5lm13asg,https://www.linkedin.com/company/507652/,"Toronto, ON",On-site,,2023-01-05,false,false,0,https://www.linkedin.com/jobs/view/3422118374/,https://www.linkedin.com/jobs/search/?currentJobId=3430764030&f_E=1%2C2%2C3&f_T=340&f_TPR=r604800&geoId=101174742&keywords=data%20analyst&sortBy=R,Jobs,2023-01-11T00:17:42.384Z,
https://www.linkedin.com/jobs/view/3398931995/,3398931995,CN,"Analyst, SAP Data Conversion and Governance",https://media.licdn.com/dms/image/C560BAQHsLxjupCIwow/company-logo_100_100/0/1613748322897?e=1681344000&v=beta&t=sZJ2hMbfVsnYlbAv_LHouFDPsCO2ibBWmOwkzVAVr5g,https://www.linkedin.com/company/307460/,"Edmonton, AB",Hybrid,1 company alumnus works here,2023-01-09,false,false,17,https://www.linkedin.com/jobs/view/3398931995/,https://www.linkedin.com/jobs/search/?currentJobId=3430764030&f_E=1%2C2%2C3&f_T=340&f_TPR=r604800&geoId=101174742&keywords=data%20analyst&sortBy=R,Jobs,2023-01-11T00:17:42.384Z,
https://www.linkedin.com/jobs/view/3398938067/,3398938067,CN,"Analyst, SAP Data Conversion and Governance",https://media.licdn.com/dms/image/C560BAQHsLxjupCIwow/company-logo_100_100/0/1613748322897?e=1681344000&v=beta&t=sZJ2hMbfVsnYlbAv_LHouFDPsCO2ibBWmOwkzVAVr5g,https://www.linkedin.com/company/307460/,"Calgary, AB",Hybrid,1 company alumnus works here,2023-01-09,false,false,24,https://www.linkedin.com/jobs/view/3398938067/,https://www.linkedin.com/jobs/search/?currentJobId=3430764030&f_E=1%2C2%2C3&f_T=340&f_TPR=r604800&geoId=101174742&keywords=data%20analyst&sortBy=R,Jobs,2023-01-11T00:17:42.384Z,
https://www.linkedin.com/jobs/view/3425818896/,3425818896,Cpl,Analytical Analyst,https://media.licdn.com/dms/image/D4E0BAQFzgt2T93Fm1A/company-logo_100_100/0/1667813043986?e=1681344000&v=beta&t=12JFehZD5M9aLxv138sjjb8VCzNbRe0mSFU2QTCD-B8,https://www.linkedin.com/company/163237/,"Mayo, YT",Hybrid,Actively recruiting,2023-01-06,false,false,10,https://www.linkedin.com/jobs/view/3425818896/,https://www.linkedin.com/jobs/search/?currentJobId=3430764030&f_E=1%2C2%2C3&f_T=340&f_TPR=r604800&geoId=101174742&keywords=data%20analyst&sortBy=R,Jobs,2023-01-11T00:17:42.384Z,
https://www.linkedin.com/jobs/view/3429810685/,3429810685,Gouvernement du Québec – Carrières,Conseillère ou conseiller aux sondages et enquêtes,https://media.licdn.com/dms/image/C4E0BAQFR93OINMGPHg/company-logo_100_100/0/1578674807935?e=1681344000&v=beta&t=RYPQksnpbYLqPxs1BIzSlz8sy4OxUrqFiO_gIIKtuLU,https://www.linkedin.com/company/444112/,"Lac-au-Saumon, QC",On-site,,2023-01-07,false,false,0,https://www.linkedin.com/jobs/view/3429810685/,https://www.linkedin.com/jobs/search/?currentJobId=3430764030&f_E=1%2C2%2C3&f_T=340&f_TPR=r604800&geoId=101174742&keywords=data%20analyst&sortBy=R,Jobs,2023-01-11T00:17:42.384Z,
https://www.linkedin.com/jobs/view/3429812188/,3429812188,Gouvernement du Québec – Carrières,Conseillère ou conseiller aux sondages et enquêtes,https://media.licdn.com/dms/image/C4E0BAQFR93OINMGPHg/company-logo_100_100/0/1578674807935?e=1681344000&v=beta&t=RYPQksnpbYLqPxs1BIzSlz8sy4OxUrqFiO_gIIKtuLU,https://www.linkedin.com/company/444112/,"Saint-Jean-Port-Joli, QC",On-site,,2023-01-07,false,false,0,https://www.linkedin.com/jobs/view/3429812188/,https://www.linkedin.com/jobs/search/?currentJobId=3430764030&f_E=1%2C2%2C3&f_T=340&f_TPR=r604800&geoId=101174742&keywords=data%20analyst&sortBy=R,Jobs,2023-01-11T00:17:42.384Z,
https://www.linkedin.com/jobs/view/3429811610/,3429811610,Gouvernement du Québec – Carrières,Conseillère ou conseiller aux sondages et enquêtes,https://media.licdn.com/dms/image/C4E0BAQFR93OINMGPHg/company-logo_100_100/0/1578674807935?e=1681344000&v=beta&t=RYPQksnpbYLqPxs1BIzSlz8sy4OxUrqFiO_gIIKtuLU,https://www.linkedin.com/company/444112/,"Trois-Rivières, QC",On-site,,2023-01-07,false,false,4,https://www.linkedin.com/jobs/view/3429811610/,https://www.linkedin.com/jobs/search/?currentJobId=3430764030&f_E=1%2C2%2C3&f_T=340&f_TPR=r604800&geoId=101174742&keywords=data%20analyst&sortBy=R,Jobs,2023-01-11T00:17:46.895Z,
https://www.linkedin.com/jobs/view/3429810702/,3429810702,Gouvernement du Québec – Carrières,Conseillère ou conseiller aux sondages et enquêtes,https://media.licdn.com/dms/image/C4E0BAQFR93OINMGPHg/company-logo_100_100/0/1578674807935?e=1681344000&v=beta&t=RYPQksnpbYLqPxs1BIzSlz8sy4OxUrqFiO_gIIKtuLU,https://www.linkedin.com/company/444112/,"St-Jérôme, Quebec, Canada",On-site,,2023-01-07,false,false,1,https://www.linkedin.com/jobs/view/3429810702/,https://www.linkedin.com/jobs/search/?currentJobId=3430764030&f_E=1%2C2%2C3&f_T=340&f_TPR=r604800&geoId=101174742&keywords=data%20analyst&sortBy=R,Jobs,2023-01-11T00:17:46.895Z,
https://www.linkedin.com/jobs/view/3429808684/,3429808684,Gouvernement du Québec – Carrières,Conseillère ou conseiller aux sondages et enquêtes,https://media.licdn.com/dms/image/C4E0BAQFR93OINMGPHg/company-logo_100_100/0/1578674807935?e=1681344000&v=beta&t=RYPQksnpbYLqPxs1BIzSlz8sy4OxUrqFiO_gIIKtuLU,https://www.linkedin.com/company/444112/,"Côte-Nord-du-Golfe-du-Saint-Laurent, QC",On-site,,2023-01-07,false,false,0,https://www.linkedin.com/jobs/view/3429808684/,https://www.linkedin.com/jobs/search/?currentJobId=3430764030&f_E=1%2C2%2C3&f_T=340&f_TPR=r604800&geoId=101174742&keywords=data%20analyst&sortBy=R,Jobs,2023-01-11T00:17:46.895Z,
https://www.linkedin.com/jobs/view/3429807826/,3429807826,Gouvernement du Québec – Carrières,Conseillère ou conseiller aux sondages et enquêtes,https://media.licdn.com/dms/image/C4E0BAQFR93OINMGPHg/company-logo_100_100/0/1578674807935?e=1681344000&v=beta&t=RYPQksnpbYLqPxs1BIzSlz8sy4OxUrqFiO_gIIKtuLU,https://www.linkedin.com/company/444112/,"Roberval, QC",On-site,,2023-01-07,false,false,2,https://www.linkedin.com/jobs/view/3429807826/,https://www.linkedin.com/jobs/search/?currentJobId=3430764030&f_E=1%2C2%2C3&f_T=340&f_TPR=r604800&geoId=101174742&keywords=data%20analyst&sortBy=R,Jobs,2023-01-11T00:17:46.895Z,
https://www.linkedin.com/jobs/view/3429809680/,3429809680,Gouvernement du Québec – Carrières,Conseillère ou conseiller aux sondages et enquêtes,https://media.licdn.com/dms/image/C4E0BAQFR93OINMGPHg/company-logo_100_100/0/1578674807935?e=1681344000&v=beta&t=RYPQksnpbYLqPxs1BIzSlz8sy4OxUrqFiO_gIIKtuLU,https://www.linkedin.com/company/444112/,"Lachute, QC",On-site,,2023-01-07,false,false,1,https://www.linkedin.com/jobs/view/3429809680/,https://www.linkedin.com/jobs/search/?currentJobId=3430764030&f_E=1%2C2%2C3&f_T=340&f_TPR=r604800&geoId=101174742&keywords=data%20analyst&sortBy=R,Jobs,2023-01-11T00:17:46.895Z,
https://www.linkedin.com/jobs/view/3429808673/,3429808673,Gouvernement du Québec – Carrières,Conseillère ou conseiller aux sondages et enquêtes,https://media.licdn.com/dms/image/C4E0BAQFR93OINMGPHg/company-logo_100_100/0/1578674807935?e=1681344000&v=beta&t=RYPQksnpbYLqPxs1BIzSlz8sy4OxUrqFiO_gIIKtuLU,https://www.linkedin.com/company/444112/,"Alma, QC",On-site,,2023-01-07,false,false,1,https://www.linkedin.com/jobs/view/3429808673/,https://www.linkedin.com/jobs/search/?currentJobId=3430764030&f_E=1%2C2%2C3&f_T=340&f_TPR=r604800&geoId=101174742&keywords=data%20analyst&sortBy=R,Jobs,2023-01-11T00:17:46.895Z,
https://www.linkedin.com/jobs/view/3429808692/,3429808692,Gouvernement du Québec – Carrières,Conseillère ou conseiller aux sondages et enquêtes,https://media.licdn.com/dms/image/C4E0BAQFR93OINMGPHg/company-logo_100_100/0/1578674807935?e=1681344000&v=beta&t=RYPQksnpbYLqPxs1BIzSlz8sy4OxUrqFiO_gIIKtuLU,https://www.linkedin.com/company/444112/,"Shefford, QC",On-site,,2023-01-07,false,false,3,https://www.linkedin.com/jobs/view/3429808692/,https://www.linkedin.com/jobs/search/?currentJobId=3430764030&f_E=1%2C2%2C3&f_T=340&f_TPR=r604800&geoId=101174742&keywords=data%20analyst&sortBy=R,Jobs,2023-01-11T00:17:46.895Z,
https://www.linkedin.com/jobs/view/3429805792/,3429805792,Gouvernement du Québec – Carrières,Conseillère ou conseiller aux sondages et enquêtes,https://media.licdn.com/dms/image/C4E0BAQFR93OINMGPHg/company-logo_100_100/0/1578674807935?e=1681344000&v=beta&t=RYPQksnpbYLqPxs1BIzSlz8sy4OxUrqFiO_gIIKtuLU,https://www.linkedin.com/company/444112/,"Rimouski, QC",On-site,,2023-01-07,false,false,3,https://www.linkedin.com/jobs/view/3429805792/,https://www.linkedin.com/jobs/search/?currentJobId=3430764030&f_E=1%2C2%2C3&f_T=340&f_TPR=r604800&geoId=101174742&keywords=data%20analyst&sortBy=R,Jobs,2023-01-11T00:17:46.895Z,
https://www.linkedin.com/jobs/view/3347207604/,3347207604,ClinChoice,Biostatistician Intern- Canada,https://media.licdn.com/dms/image/C560BAQHTEVVkYtjPtg/company-logo_100_100/0/1600376019533?e=1681344000&v=beta&t=hlCAf0GFaJP3TLzG0WE4Vbhr1gqv1j07AfwY4ZD984M,https://www.linkedin.com/company/68599811/,"Greater Toronto Area, Canada",On-site,Actively recruiting,2023-01-09,false,false,0,https://www.linkedin.com/jobs/view/3347207604/,https://www.linkedin.com/jobs/search/?currentJobId=3430764030&f_E=1%2C2%2C3&f_T=340&f_TPR=r604800&geoId=101174742&keywords=data%20analyst&sortBy=R,Jobs,2023-01-11T00:17:46.896Z,
https://www.linkedin.com/jobs/view/3333573763/,3333573763,CN,Analyste Exploitation des données,https://media.licdn.com/dms/image/C560BAQHsLxjupCIwow/company-logo_100_100/0/1613748322897?e=1681344000&v=beta&t=sZJ2hMbfVsnYlbAv_LHouFDPsCO2ibBWmOwkzVAVr5g,https://www.linkedin.com/company/307460/,"Montreal, QC",On-site,Actively recruiting,2023-01-05,false,false,0,https://www.linkedin.com/jobs/view/3333573763/,https://www.linkedin.com/jobs/search/?currentJobId=3430764030&f_E=1%2C2%2C3&f_T=340&f_TPR=r604800&geoId=101174742&keywords=data%20analyst&sortBy=R,Jobs,2023-01-11T00:17:46.896Z,
https://www.linkedin.com/jobs/view/3430104436/,3430104436,Provincial Health Services Authority,"Data Scientist, Data, Analytics, Evaluation and Reporting (DARE)",https://media.licdn.com/dms/image/C560BAQEWSJsHmhxXkw/company-logo_100_100/0/1671483368502?e=1681344000&v=beta&t=X4Pk4QRAxnr1Vrzvs6x_WlehZnqjxJhXP9N9_zR4ZFQ,https://www.linkedin.com/company/17244/,"Vancouver, BC",Hybrid,Actively recruiting,2023-01-06,false,false,0,https://www.linkedin.com/jobs/view/3430104436/,https://www.linkedin.com/jobs/search/?currentJobId=3430764030&f_E=1%2C2%2C3&f_T=340&f_TPR=r604800&geoId=101174742&keywords=data%20analyst&sortBy=R,Jobs,2023-01-11T00:17:46.896Z,
https://www.linkedin.com/jobs/view/3283902592/,3283902592,Celestica,"Student Intern, Smart Energy - Pricing Management and Product Data Analysis",https://media.licdn.com/dms/image/C560BAQHxmAKbmcS7Cg/company-logo_100_100/0/1656937822006?e=1681344000&v=beta&t=JAp0n3Fkf_jeaM7XMEQLs9cxj5-42Ccw0g2X-Cf6VnM,https://www.linkedin.com/company/3392/,"Toronto, ON",,Actively recruiting,2023-01-08,false,false,0,https://www.linkedin.com/jobs/view/3283902592/,https://www.linkedin.com/jobs/search/?currentJobId=3430764030&f_E=1%2C2%2C3&f_T=340&f_TPR=r604800&geoId=101174742&keywords=data%20analyst&sortBy=R,Jobs,2023-01-11T00:17:46.896Z,
https://www.linkedin.com/jobs/view/3426220785/,3426220785,iA Financial Group (Industrial Alliance),Analyste en intelligence d'affaires,https://media.licdn.com/dms/image/C4D0BAQGdx0U2pvqZBA/company-logo_100_100/0/1519856553409?e=1681344000&v=beta&t=TorUE2q2OaoALxlUDHqTSiWGPEz21YGu4PQ4gS9DOIA,https://www.linkedin.com/company/19136/,Greater Montreal Metropolitan Area,Hybrid,Actively recruiting,2023-01-08,false,false,24,https://www.linkedin.com/jobs/view/3426220785/,https://www.linkedin.com/jobs/search/?currentJobId=3430764030&f_E=1%2C2%2C3&f_T=340&f_TPR=r604800&geoId=101174742&keywords=data%20analyst&sortBy=R,Jobs,2023-01-11T00:17:46.896Z,
https://www.linkedin.com/jobs/view/3424643917/,3424643917,Manulife,Associate Data Scientist,https://media.licdn.com/dms/image/C560BAQFUSb0FvjgNMw/company-logo_100_100/0/1656941980406?e=1681344000&v=beta&t=mYzL8eTGMB9Ixu51-pWZS2XbndgCv80l6X7_4RJ137E,https://www.linkedin.com/company/2691/,"Toronto, ON",On-site,3 connections work here,2023-01-05,false,false,0,https://www.linkedin.com/jobs/view/3424643917/,https://www.linkedin.com/jobs/search/?currentJobId=3430764030&f_E=1%2C2%2C3&f_T=340&f_TPR=r604800&geoId=101174742&keywords=data%20analyst&sortBy=R,Jobs,2023-01-11T00:17:46.896Z,