jobUrl,jobId,companyName,jobTitle,logoUrl,companyUrl,location,isRemote,workplaceType,insights,postDate,isEasyApply,isPromoted,applicantCount,url,query,category,timestamp
https://www.linkedin.com/jobs/view/3477886537/,3477886537,TELUS International,Online Data Analyst,https://media.licdn.com/dms/image/C560BAQHAe-roNpTebg/company-logo_100_100/0/1657119739427?e=1684368000&v=beta&t=KhmbX9JwC6QkpkgQYBXbGglbziv0Ig0EJKpkixZj8ZU,https://www.linkedin.com/company/1258653/,"Regina, SK",true,Remote,Actively recruiting,2023-02-10,false,false,0,https://www.linkedin.com/jobs/view/3477886537/,https://www.linkedin.com/jobs/search/?currentJobId=3437488215&f_E=1%2C2%2C3&f_T=340&f_TPR=r604800&geoId=104002611&keywords=data%20analyst&location=Saskatchewan%2C%20Canada&refresh=true&sortBy=R,Jobs,2023-02-10T18:31:31.200Z
https://www.linkedin.com/jobs/view/3477885590/,3477885590,TELUS International,Online Data Analyst,https://media.licdn.com/dms/image/C560BAQHAe-roNpTebg/company-logo_100_100/0/1657119739427?e=1684368000&v=beta&t=KhmbX9JwC6QkpkgQYBXbGglbziv0Ig0EJKpkixZj8ZU,https://www.linkedin.com/company/1258653/,"Saskatchewan, Canada",true,Remote,Actively recruiting,2023-02-10,false,false,0,https://www.linkedin.com/jobs/view/3477885590/,https://www.linkedin.com/jobs/search/?currentJobId=3437488215&f_E=1%2C2%2C3&f_T=340&f_TPR=r604800&geoId=104002611&keywords=data%20analyst&location=Saskatchewan%2C%20Canada&refresh=true&sortBy=R,Jobs,2023-02-10T18:31:31.200Z
https://www.linkedin.com/jobs/view/3470717819/,3470717819,Auxano Global Services (CMMI Level 3),Data Analyst,https://media.licdn.com/dms/image/C4D0BAQHqxdeMPclZKg/company-logo_100_100/0/1519901572589?e=1684368000&v=beta&t=p3d2eZ3Lz_njNP6Op1QQ1C_JGiNO84uXIaqPfoHyjNM,https://www.linkedin.com/company/6631026/,Canada,true,Remote,,2023-02-07,false,false,0,https://www.linkedin.com/jobs/view/3470717819/,https://www.linkedin.com/jobs/search/?currentJobId=3437488215&f_E=1%2C2%2C3&f_T=340&f_TPR=r604800&geoId=104002611&keywords=data%20analyst&location=Saskatchewan%2C%20Canada&refresh=true&sortBy=R,Jobs,2023-02-10T18:31:31.201Z
https://www.linkedin.com/jobs/view/3465353625/,3465353625,World Vision Canada,Data Analyst,https://media.licdn.com/dms/image/C560BAQEq6UoMLeRczg/company-logo_100_100/0/1543352238386?e=1684368000&v=beta&t=9wdBKAHw0so3BxJHTHLrBGZdPttw1XdXM4OQv2fflS8,https://www.linkedin.com/company/2189552/,Canada,true,Remote,Actively recruiting,2023-02-04,false,false,0,https://www.linkedin.com/jobs/view/3465353625/,https://www.linkedin.com/jobs/search/?currentJobId=3437488215&f_E=1%2C2%2C3&f_T=340&f_TPR=r604800&geoId=104002611&keywords=data%20analyst&location=Saskatchewan%2C%20Canada&refresh=true&sortBy=R,Jobs,2023-02-10T18:31:31.201Z
https://www.linkedin.com/jobs/view/3450803300/,3450803300,B-Stock Solutions,"Data Analyst, Customer Success",https://media.licdn.com/dms/image/C4E0BAQGniaetWq-qjg/company-logo_100_100/0/1519912242751?e=1684368000&v=beta&t=2iNHpnujO0Yfm6DRHD74Gb64Sg7R1yfOvGT3RAYfHZk,https://www.linkedin.com/company/232612/,Canada,true,Remote,Actively recruiting,2023-02-08,false,false,0,https://www.linkedin.com/jobs/view/3450803300/,https://www.linkedin.com/jobs/search/?currentJobId=3437488215&f_E=1%2C2%2C3&f_T=340&f_TPR=r604800&geoId=104002611&keywords=data%20analyst&location=Saskatchewan%2C%20Canada&refresh=true&sortBy=R,Jobs,2023-02-10T18:31:31.201Z
https://www.linkedin.com/jobs/view/3437488215/,3437488215,KOHO,Analyste de données,https://media.licdn.com/dms/image/C560BAQH1M1V15j2FEw/company-logo_100_100/0/1588348872506?e=1684368000&v=beta&t=ql5pWYA6vp4G32nfAyOMn97ZSGuriI5XImLe-LV7NAk,https://www.linkedin.com/company/9443598/,Canada,true,Remote,Actively recruiting,2023-02-08,false,false,0,https://www.linkedin.com/jobs/view/3437488215/,https://www.linkedin.com/jobs/search/?currentJobId=3437488215&f_E=1%2C2%2C3&f_T=340&f_TPR=r604800&geoId=104002611&keywords=data%20analyst&location=Saskatchewan%2C%20Canada&refresh=true&sortBy=R,Jobs,2023-02-10T18:31:31.201Z
https://www.linkedin.com/jobs/view/3468532440/,3468532440,SECURE ENERGY,Junior Business Intelligence Analyst (12 Month Term),https://media.licdn.com/dms/image/C4E0BAQGJr-LB92g0ZA/company-logo_100_100/0/1581026081601?e=1684368000&v=beta&t=A8m4Mof7P2pE0B1PLxzyRqGGtEtGFNHMcaCiEKnr2VQ,https://www.linkedin.com/company/881704/,"Calgary, AB",,On-site,Actively recruiting,,true,true,0,https://www.linkedin.com/jobs/view/3468532440/,https://www.linkedin.com/jobs/search/?currentJobId=3442787662&f_E=1%2C2%2C3&f_T=340&f_TPR=r604800&geoId=103564821&keywords=data%20analyst&location=Alberta%2C%20Canada&refresh=true&sortBy=R,Jobs,2023-02-10T18:31:37.229Z
https://www.linkedin.com/jobs/view/3464558724/,3464558724,Alberta Energy Regulator (AER),"Student, Well Data Analyst",https://media.licdn.com/dms/image/C560BAQGwRqOHb3Dl3w/company-logo_100_100/0/1657130673866?e=1684368000&v=beta&t=VGPzqVSM_-xDxkjQ5a-AQS7qmq6xOeJMqyZ284fp2tQ,https://www.linkedin.com/company/634825/,"Calgary, AB",,Hybrid,,,false,true,0,https://www.linkedin.com/jobs/view/3464558724/,https://www.linkedin.com/jobs/search/?currentJobId=3442787662&f_E=1%2C2%2C3&f_T=340&f_TPR=r604800&geoId=103564821&keywords=data%20analyst&location=Alberta%2C%20Canada&refresh=true&sortBy=R,Jobs,2023-02-10T18:31:37.229Z
https://www.linkedin.com/jobs/view/3477886380/,3477886380,TELUS International,Online Data Analyst,https://media.licdn.com/dms/image/C560BAQHAe-roNpTebg/company-logo_100_100/0/1657119739427?e=1684368000&v=beta&t=KhmbX9JwC6QkpkgQYBXbGglbziv0Ig0EJKpkixZj8ZU,https://www.linkedin.com/company/1258653/,"Calgary, AB",true,Remote,Actively recruiting,2023-02-10,false,false,0,https://www.linkedin.com/jobs/view/3477886380/,https://www.linkedin.com/jobs/search/?currentJobId=3442787662&f_E=1%2C2%2C3&f_T=340&f_TPR=r604800&geoId=103564821&keywords=data%20analyst&location=Alberta%2C%20Canada&refresh=true&sortBy=R,Jobs,2023-02-10T18:31:37.230Z
https://www.linkedin.com/jobs/view/3477886424/,3477886424,TELUS International,Online Data Analyst,https://media.licdn.com/dms/image/C560BAQHAe-roNpTebg/company-logo_100_100/0/1657119739427?e=1684368000&v=beta&t=KhmbX9JwC6QkpkgQYBXbGglbziv0Ig0EJKpkixZj8ZU,https://www.linkedin.com/company/1258653/,"Edmonton, AB",true,Remote,Actively recruiting,2023-02-10,false,false,0,https://www.linkedin.com/jobs/view/3477886424/,https://www.linkedin.com/jobs/search/?currentJobId=3442787662&f_E=1%2C2%2C3&f_T=340&f_TPR=r604800&geoId=103564821&keywords=data%20analyst&location=Alberta%2C%20Canada&refresh=true&sortBy=R,Jobs,2023-02-10T18:31:37.230Z
https://www.linkedin.com/jobs/view/3471539863/,3471539863,Airswift,HSSE Data Analyst,https://media.licdn.com/dms/image/C4E0BAQF2MVatj4CJhw/company-logo_100_100/0/1537448332955?e=1684368000&v=beta&t=yjL0e1g77fJLY-4Qwebyg12o1XNTv3nL7x7x1fFur7o,https://www.linkedin.com/company/1227813/,"Calgary, AB",,Hybrid,Actively recruiting,2023-02-10,false,false,0,https://www.linkedin.com/jobs/view/3471539863/,https://www.linkedin.com/jobs/search/?currentJobId=3442787662&f_E=1%2C2%2C3&f_T=340&f_TPR=r604800&geoId=103564821&keywords=data%20analyst&location=Alberta%2C%20Canada&refresh=true&sortBy=R,Jobs,2023-02-10T18:31:37.230Z
https://www.linkedin.com/jobs/view/3474479203/,3474479203,Robert Half,Compliance Data Analyst (SAP/Excel),https://media.licdn.com/dms/image/C560BAQG2MGhfiRz66A/company-logo_100_100/0/1675251886784?e=1684368000&v=beta&t=NZQTHSTi4nQeQmaJl8pEGQi_5sr5LRDoa2qDceCIxHM,https://www.linkedin.com/company/1681/,"Calgary, AB",,,Actively recruiting,2023-02-09,false,false,0,https://www.linkedin.com/jobs/view/3474479203/,https://www.linkedin.com/jobs/search/?currentJobId=3442787662&f_E=1%2C2%2C3&f_T=340&f_TPR=r604800&geoId=103564821&keywords=data%20analyst&location=Alberta%2C%20Canada&refresh=true&sortBy=R,Jobs,2023-02-10T18:31:37.230Z
https://www.linkedin.com/jobs/view/3469872803/,3469872803,Brunel,HSSE Data Analyst,https://media.licdn.com/dms/image/C4E0BAQHLdgv4dmCReA/company-logo_100_100/0/1657521306559?e=1684368000&v=beta&t=o65KbqEt02gDjBBXe3Q9EC73PVfsaQH_aaoiYdPqFnw,https://www.linkedin.com/company/162807/,"Calgary, AB",,Hybrid,Actively recruiting,2023-02-09,true,false,0,https://www.linkedin.com/jobs/view/3469872803/,https://www.linkedin.com/jobs/search/?currentJobId=3442787662&f_E=1%2C2%2C3&f_T=340&f_TPR=r604800&geoId=103564821&keywords=data%20analyst&location=Alberta%2C%20Canada&refresh=true&sortBy=R,Jobs,2023-02-10T18:31:37.230Z
https://www.linkedin.com/jobs/view/3473709948/,3473709948,PharmiWeb.Jobs: Global Life Science Jobs,Purchasing Agent - Data Analyst,https://media.licdn.com/dms/image/C560BAQGUG7P6YvUwMQ/company-logo_100_100/0/1631608134203?e=1684368000&v=beta&t=2qvwwfwOxQJziAX1nhkHg7fHNraScJALMruL91UuoAY,https://www.linkedin.com/company/34221877/,"Golden Days, AB",,Hybrid,,2023-02-07,false,false,1,https://www.linkedin.com/jobs/view/3473709948/,https://www.linkedin.com/jobs/search/?currentJobId=3442787662&f_E=1%2C2%2C3&f_T=340&f_TPR=r604800&geoId=103564821&keywords=data%20analyst&location=Alberta%2C%20Canada&refresh=true&sortBy=R,Jobs,2023-02-10T18:31:37.230Z
https://www.linkedin.com/jobs/view/3467395669/,3467395669,Alberta Energy Regulator (AER),"Student, Data Analyst",https://media.licdn.com/dms/image/C560BAQGwRqOHb3Dl3w/company-logo_100_100/0/1657130673866?e=1684368000&v=beta&t=VGPzqVSM_-xDxkjQ5a-AQS7qmq6xOeJMqyZ284fp2tQ,https://www.linkedin.com/company/634825/,"Calgary, AB",,,,2023-02-08,false,false,0,https://www.linkedin.com/jobs/view/3467395669/,https://www.linkedin.com/jobs/search/?currentJobId=3442787662&f_E=1%2C2%2C3&f_T=340&f_TPR=r604800&geoId=103564821&keywords=data%20analyst&location=Alberta%2C%20Canada&refresh=true&sortBy=R,Jobs,2023-02-10T18:31:37.230Z
https://www.linkedin.com/jobs/view/3473782484/,3473782484,BRP,Analyste de données d'affaires,https://media.licdn.com/dms/image/C560BAQHmqBJXjEyd4w/company-logo_100_100/0/1634679401721?e=1684368000&v=beta&t=DbfmTGK8G8gmRDXUD7J1J6qOjL2frkYTp-iXtTFu0ug,https://www.linkedin.com/company/10580/,Greater Montreal Metropolitan Area,,Hybrid,Actively recruiting,,false,true,5,https://www.linkedin.com/jobs/view/3473782484/,https://www.linkedin.com/jobs/search/?currentJobId=3373350725&f_E=1%2C2%2C3&f_T=340&f_TPR=r604800&geoId=101174742&keywords=data%20analyst&location=Canada&refresh=true&sortBy=R,Jobs,2023-02-10T18:31:42.960Z
https://www.linkedin.com/jobs/view/3464914579/,3464914579,iA Financial Group (Industrial Alliance),Analyste principal(e) en données,https://media.licdn.com/dms/image/C4D0BAQGdx0U2pvqZBA/company-logo_100_100/0/1519856553409?e=1684368000&v=beta&t=f4V5d2DVfH-rT-Sgg42VGkSdV8s746N9AvMkzAYxtdU,https://www.linkedin.com/company/19136/,"Québec, QC",,Hybrid,Actively recruiting,,false,true,6,https://www.linkedin.com/jobs/view/3464914579/,https://www.linkedin.com/jobs/search/?currentJobId=3373350725&f_E=1%2C2%2C3&f_T=340&f_TPR=r604800&geoId=101174742&keywords=data%20analyst&location=Canada&refresh=true&sortBy=R,Jobs,2023-02-10T18:31:42.960Z
https://www.linkedin.com/jobs/view/3467662334/,3467662334,CBC/Radio-Canada,"Premier ou première analyste, Science des données et de l’industrie",https://media.licdn.com/dms/image/D4E0BAQGPnO5_Rlj0iQ/company-logo_100_100/0/1664825203737?e=1684368000&v=beta&t=Lgv8kKuy4Y7Cp0Bt_Zp4jDBhzaV7GNg1qsMCs-BkjiY,https://www.linkedin.com/company/4387/,"Ottawa, ON",,On-site,Actively recruiting,,false,true,15,https://www.linkedin.com/jobs/view/3467662334/,https://www.linkedin.com/jobs/search/?currentJobId=3373350725&f_E=1%2C2%2C3&f_T=340&f_TPR=r604800&geoId=101174742&keywords=data%20analyst&location=Canada&refresh=true&sortBy=R,Jobs,2023-02-10T18:31:42.960Z
https://www.linkedin.com/jobs/view/3467671655/,3467671655,Beneva,Analyste de données actuarielles,https://media.licdn.com/dms/image/C4D0BAQHI1dT8Qj3Efg/company-logo_100_100/0/1607003091120?e=1684368000&v=beta&t=mTgc-nMacKC4rTobn6Y83s-eeXfwM2vopSWGQ91FYdo,https://www.linkedin.com/company/68521543/,"Montreal, QC",,Hybrid,Actively recruiting,,false,true,18,https://www.linkedin.com/jobs/view/3467671655/,https://www.linkedin.com/jobs/search/?currentJobId=3373350725&f_E=1%2C2%2C3&f_T=340&f_TPR=r604800&geoId=101174742&keywords=data%20analyst&location=Canada&refresh=true&sortBy=R,Jobs,2023-02-10T18:31:42.960Z
https://www.linkedin.com/jobs/view/3477883548/,3477883548,TELUS International,Online Data Analyst,https://media.licdn.com/dms/image/C560BAQHAe-roNpTebg/company-logo_100_100/0/1657119739427?e=1684368000&v=beta&t=KhmbX9JwC6QkpkgQYBXbGglbziv0Ig0EJKpkixZj8ZU,https://www.linkedin.com/company/1258653/,"Ottawa, ON",true,Remote,2 alumni work here,2023-02-10,false,false,0,https://www.linkedin.com/jobs/view/3477883548/,https://www.linkedin.com/jobs/search/?currentJobId=3373350725&f_E=1%2C2%2C3&f_T=340&f_TPR=r604800&geoId=101174742&keywords=data%20analyst&location=Canada&refresh=true&sortBy=R,Jobs,2023-02-10T18:31:42.960Z
https://www.linkedin.com/jobs/view/3429992523/,3429992523,Sollio Agriculture,Analyste intelligence d'affaires,https://media.licdn.com/dms/image/C560BAQH_P5ZaBsrmeg/company-logo_100_100/0/1608560838997?e=1684368000&v=beta&t=IpCqR3eKh-qFTBARE7UCPmL6LChaHRF_rXz7NtBNe4w,https://www.linkedin.com/company/12576665/,"Montreal, QC",,Hybrid,Actively recruiting,,false,true,0,https://www.linkedin.com/jobs/view/3429992523/,https://www.linkedin.com/jobs/search/?currentJobId=3373350725&f_E=1%2C2%2C3&f_T=340&f_TPR=r604800&geoId=101174742&keywords=data%20analyst&location=Canada&refresh=true&sortBy=R,Jobs,2023-02-10T18:31:42.960Z
https://www.linkedin.com/jobs/view/3468027881/,3468027881,McKinsey & Company,Capabilities & Insights Analyst - US & Canada Research,https://media.licdn.com/dms/image/C560BAQE3R7j3w9iR-A/company-logo_100_100/0/1675257361833?e=1684368000&v=beta&t=w-ZiXKtOIGkqz1Lh0m1DBwbJpauIhVx04621NWg16CA,https://www.linkedin.com/company/1371/,"Toronto, ON",,,Actively recruiting,,false,true,0,https://www.linkedin.com/jobs/view/3468027881/,https://www.linkedin.com/jobs/search/?currentJobId=3373350725&f_E=1%2C2%2C3&f_T=340&f_TPR=r604800&geoId=101174742&keywords=data%20analyst&location=Canada&refresh=true&sortBy=R,Jobs,2023-02-10T18:31:42.960Z
https://www.linkedin.com/jobs/view/3473698794/,3473698794,Region of Peel,Business Intelligence Analyst,https://media.licdn.com/dms/image/D560BAQGJUOC1NJxdhg/company-logo_100_100/0/1657546047125?e=1684368000&v=beta&t=0rX4lpBMxas6CA9LIOdpvpgCcyeIFr1yVUGmeqradSo,https://www.linkedin.com/company/17505/,"Brampton, ON",true,Remote,,,false,true,0,https://www.linkedin.com/jobs/view/3473698794/,https://www.linkedin.com/jobs/search/?currentJobId=3373350725&f_E=1%2C2%2C3&f_T=340&f_TPR=r604800&geoId=101174742&keywords=data%20analyst&location=Canada&refresh=true&sortBy=R,Jobs,2023-02-10T18:31:42.960Z
https://www.linkedin.com/jobs/view/3409304668/,3409304668,Lowe's Canada,"Analyst, Digital Data and Analytics",https://media.licdn.com/dms/image/C560BAQGbwKIMfY0TMQ/company-logo_100_100/0/1544554590238?e=1684368000&v=beta&t=FiJg7Nfb5wYAiptdSzeuPIX9BGWKnCh1vuLUHe-XW4o,https://www.linkedin.com/company/18943192/,"Boucherville, QC",true,Remote,1 alum works here,,false,true,0,https://www.linkedin.com/jobs/view/3409304668/,https://www.linkedin.com/jobs/search/?currentJobId=3373350725&f_E=1%2C2%2C3&f_T=340&f_TPR=r604800&geoId=101174742&keywords=data%20analyst&location=Canada&refresh=true&sortBy=R,Jobs,2023-02-10T18:31:42.960Z
https://www.linkedin.com/jobs/view/3477883725/,3477883725,TELUS International,Online Data Analyst,https://media.licdn.com/dms/image/C560BAQHAe-roNpTebg/company-logo_100_100/0/1657119739427?e=1684368000&v=beta&t=KhmbX9JwC6QkpkgQYBXbGglbziv0Ig0EJKpkixZj8ZU,https://www.linkedin.com/company/1258653/,"Hamilton, ON",true,Remote,2 alumni work here,2023-02-10,false,false,0,https://www.linkedin.com/jobs/view/3477883725/,https://www.linkedin.com/jobs/search/?currentJobId=3373350725&f_E=1%2C2%2C3&f_T=340&f_TPR=r604800&geoId=101174742&keywords=data%20analyst&location=Canada&refresh=true&sortBy=R,Jobs,2023-02-10T18:31:42.960Z
https://www.linkedin.com/jobs/view/3446001239/,3446001239,Walmart Canada,"(CAN) Analyst, Insights and Reporting",https://media.licdn.com/dms/image/C560BAQHs5FN9hz6seQ/company-logo_100_100/0/1654192382941?e=1684368000&v=beta&t=f3eu-5OYFcsnlJUMT38A4e4oBSe5TcSbGDSvh5cCNmc,https://www.linkedin.com/company/1559771/,"Mississauga, ON",,On-site,1 connection works here,,false,true,0,https://www.linkedin.com/jobs/view/3446001239/,https://www.linkedin.com/jobs/search/?currentJobId=3373350725&f_E=1%2C2%2C3&f_T=340&f_TPR=r604800&geoId=101174742&keywords=data%20analyst&location=Canada&refresh=true&sortBy=R,Jobs,2023-02-10T18:31:42.960Z
https://www.linkedin.com/jobs/view/3315304613/,3315304613,Mediabrands,Mediabrands - Data Analyst & Developer roles (General Application),https://media.licdn.com/dms/image/C4E0BAQHM_GS34waUxg/company-logo_100_100/0/1595424857576?e=1684368000&v=beta&t=0xNeBeXZ0ovUGXvrV3sbY1woDKErcQnWZzYdxReOP3Q,https://www.linkedin.com/company/406315/,"Toronto, ON",,,Actively recruiting,,false,true,0,https://www.linkedin.com/jobs/view/3315304613/,https://www.linkedin.com/jobs/search/?currentJobId=3373350725&f_E=1%2C2%2C3&f_T=340&f_TPR=r604800&geoId=101174742&keywords=data%20analyst&location=Canada&refresh=true&sortBy=R,Jobs,2023-02-10T18:31:42.960Z
https://www.linkedin.com/jobs/view/3468157097/,3468157097,Thentia,Senior Data Analyst,https://media.licdn.com/dms/image/C560BAQGEOwWTMkzihQ/company-logo_100_100/0/1657571682573?e=1684368000&v=beta&t=2kdnag1MbEelcOQxsA4kO7UyB8mJ1sxDfLlU6S5t4cM,https://www.linkedin.com/company/16229721/,"Toronto, ON",,Hybrid,Your profile matches this job,,false,true,0,https://www.linkedin.com/jobs/view/3468157097/,https://www.linkedin.com/jobs/search/?currentJobId=3373350725&f_E=1%2C2%2C3&f_T=340&f_TPR=r604800&geoId=101174742&keywords=data%20analyst&location=Canada&refresh=true&sortBy=R,Jobs,2023-02-10T18:31:42.960Z
https://www.linkedin.com/jobs/view/3429934877/,3429934877,Squarepoint Capital,Desk Quant Analyst,https://media.licdn.com/dms/image/C4D0BAQHovZtPQDiUeA/company-logo_100_100/0/1519893881482?e=1684368000&v=beta&t=LtH0v-bnmVsXyItK29Ok2QjVCmN1qDJBJ7DB2FgOrRg,https://www.linkedin.com/company/9218046/,"Montreal, QC",,On-site,Actively recruiting,,false,true,0,https://www.linkedin.com/jobs/view/3429934877/,https://www.linkedin.com/jobs/search/?currentJobId=3373350725&f_E=1%2C2%2C3&f_T=340&f_TPR=r604800&geoId=101174742&keywords=data%20analyst&location=Canada&refresh=true&sortBy=R,Jobs,2023-02-10T18:31:42.960Z
https://www.linkedin.com/jobs/view/3477885570/,3477885570,TELUS International,Online Data Analyst,https://media.licdn.com/dms/image/C560BAQHAe-roNpTebg/company-logo_100_100/0/1657119739427?e=1684368000&v=beta&t=KhmbX9JwC6QkpkgQYBXbGglbziv0Ig0EJKpkixZj8ZU,https://www.linkedin.com/company/1258653/,"Halifax, NS",true,Remote,Actively recruiting,2023-02-10,false,false,0,https://www.linkedin.com/jobs/view/3477885570/,https://www.linkedin.com/jobs/search/?currentJobId=3373350725&f_E=1%2C2%2C3&f_T=340&f_TPR=r604800&geoId=101174742&keywords=data%20analyst&location=Canada&refresh=true&sortBy=R,Jobs,2023-02-10T18:31:42.960Z
https://www.linkedin.com/jobs/view/3467891081/,3467891081,Metrolinx,Senior Enterprise Data Governance Analyst,https://media.licdn.com/dms/image/C560BAQHg-l1B31t9Kg/company-logo_100_100/0/1660755561887?e=1684368000&v=beta&t=oYOxtfD_A4DafMfS4URbhd_2jgY9osaAO0hGSXJQz7c,https://www.linkedin.com/company/274461/,"Toronto, ON",,Hybrid,Actively recruiting,,false,true,0,https://www.linkedin.com/jobs/view/3467891081/,https://www.linkedin.com/jobs/search/?currentJobId=3373350725&f_E=1%2C2%2C3&f_T=340&f_TPR=r604800&geoId=101174742&keywords=data%20analyst&location=Canada&refresh=true&sortBy=R,Jobs,2023-02-10T18:31:42.961Z
https://www.linkedin.com/jobs/view/3471115304/,3471115304,The Home Depot Canada,Internship/Co-Op - Data Personalization–Junior Analyst Intern (Hybrid),https://media.licdn.com/dms/image/C4E0BAQGzPhm0Rhdt6g/company-logo_100_100/0/1620225952962?e=1684368000&v=beta&t=3-4CVaBXpxv-IvlzWst_uRS10r1siaFpKFno9taMvoY,https://www.linkedin.com/company/1551117/,"Toronto, ON",,On-site,1 connection works here,,false,true,0,https://www.linkedin.com/jobs/view/3471115304/,https://www.linkedin.com/jobs/search/?currentJobId=3373350725&f_E=1%2C2%2C3&f_T=340&f_TPR=r604800&geoId=101174742&keywords=data%20analyst&location=Canada&refresh=true&sortBy=R,Jobs,2023-02-10T18:31:42.961Z
https://www.linkedin.com/jobs/view/3462445197/,3462445197,Agnico Eagle Mines Limited,Analyste de données-FR,https://media.licdn.com/dms/image/C4D0BAQGl8wriMA_xog/company-logo_100_100/0/1534512277423?e=1684368000&v=beta&t=RFJjmMqyjdgLm8BwyYRaOHIKKIfPCln60g-unFWr8Oc,https://www.linkedin.com/company/312686/,"Val-Bélair, QC",,On-site,3 alumni work here,,true,true,0,https://www.linkedin.com/jobs/view/3462445197/,https://www.linkedin.com/jobs/search/?currentJobId=3373350725&f_E=1%2C2%2C3&f_T=340&f_TPR=r604800&geoId=101174742&keywords=data%20analyst&location=Canada&refresh=true&sortBy=R,Jobs,2023-02-10T18:31:42.961Z
https://www.linkedin.com/jobs/view/3309076488/,3309076488,Caisse de dépôt et placement du Québec (CDPQ),"Analyste, Opérations – Données et transactions- FR",https://media.licdn.com/dms/image/C4D0BAQH9rJpCiVC93g/company-logo_100_100/0/1607110527777?e=1684368000&v=beta&t=UKzU7eLHkRzk_NGK_1e3ScUq9FhMpz0RDO-DOh5brxM,https://www.linkedin.com/company/661323/,"Montreal, QC",,,Actively recruiting,,false,true,0,https://www.linkedin.com/jobs/view/3309076488/,https://www.linkedin.com/jobs/search/?currentJobId=3373350725&f_E=1%2C2%2C3&f_T=340&f_TPR=r604800&geoId=101174742&keywords=data%20analyst&location=Canada&refresh=true&sortBy=R,Jobs,2023-02-10T18:31:42.961Z
https://www.linkedin.com/jobs/view/3476261378/,3476261378,Defence Construction Canada,Data Analyst,https://media.licdn.com/dms/image/C4E0BAQHfur1Vz108rA/company-logo_100_100/0/1621621438118?e=1684368000&v=beta&t=g8_c_1qhA-mNqZny3cdiHVLFocQ_Z-flNlJmlzYBZyg,https://www.linkedin.com/company/693781/,"Ottawa, ON",,On-site,1 alum works here,2023-02-09,false,false,0,https://www.linkedin.com/jobs/view/3476261378/,https://www.linkedin.com/jobs/search/?currentJobId=3373350725&f_E=1%2C2%2C3&f_T=340&f_TPR=r604800&geoId=101174742&keywords=data%20analyst&location=Canada&refresh=true&sortBy=R,Jobs,2023-02-10T18:31:42.961Z
https://www.linkedin.com/jobs/view/3358568371/,3358568371,IG Wealth Management,"Analyst, Data Science- EN",https://media.licdn.com/dms/image/C560BAQFjHpckdXWEJg/company-logo_100_100/0/1654722628068?e=1684368000&v=beta&t=rZMqxolRLuvYB8VZeWupI8LRebngK2Z8pDMKULlDTes,https://www.linkedin.com/company/7441/,"Ontario, Canada",,Hybrid,3 alumni work here,,false,true,0,https://www.linkedin.com/jobs/view/3358568371/,https://www.linkedin.com/jobs/search/?currentJobId=3373350725&f_E=1%2C2%2C3&f_T=340&f_TPR=r604800&geoId=101174742&keywords=data%20analyst&location=Canada&refresh=true&sortBy=R,Jobs,2023-02-10T18:31:42.961Z
https://www.linkedin.com/jobs/view/3424433067/,3424433067,DarkVision Technologies Inc.,Data Analyst,https://media.licdn.com/dms/image/C560BAQFoX5ILXahPfw/company-logo_100_100/0/1619109203698?e=1684368000&v=beta&t=oad2IOE4AoSFEKXkNTLxdtWYA8iGqsGxqeMV22RG090,https://www.linkedin.com/company/3671883/,"North Vancouver, BC",,On-site,Actively recruiting,,false,true,0,https://www.linkedin.com/jobs/view/3424433067/,https://www.linkedin.com/jobs/search/?currentJobId=3373350725&f_E=1%2C2%2C3&f_T=340&f_TPR=r604800&geoId=101174742&keywords=data%20analyst&location=Canada&refresh=true&sortBy=R,Jobs,2023-02-10T18:31:42.961Z
https://www.linkedin.com/jobs/view/3409303704/,3409303704,Lowe's Canada,"Analyste, Données et analytique numériques",https://media.licdn.com/dms/image/C560BAQGbwKIMfY0TMQ/company-logo_100_100/0/1544554590238?e=1684368000&v=beta&t=FiJg7Nfb5wYAiptdSzeuPIX9BGWKnCh1vuLUHe-XW4o,https://www.linkedin.com/company/18943192/,"Boucherville, QC",true,Remote,1 alum works here,,false,true,0,https://www.linkedin.com/jobs/view/3409303704/,https://www.linkedin.com/jobs/search/?currentJobId=3373350725&f_E=1%2C2%2C3&f_T=340&f_TPR=r604800&geoId=101174742&keywords=data%20analyst&location=Canada&refresh=true&sortBy=R,Jobs,2023-02-10T18:31:48.607Z
https://www.linkedin.com/jobs/view/3307399760/,3307399760,Masterpiece Studio,Cloud Data Analyst,https://media.licdn.com/dms/image/C560BAQF8w35zMwdHyQ/company-logo_100_100/0/1617650891879?e=1684368000&v=beta&t=HDsiNyylsgO1aRtS6JIGBYTIRQnEVqKXuVQY4DOIYXs,https://www.linkedin.com/company/10101184/,"Ontario, Canada",true,Remote,,,false,true,0,https://www.linkedin.com/jobs/view/3307399760/,https://www.linkedin.com/jobs/search/?currentJobId=3373350725&f_E=1%2C2%2C3&f_T=340&f_TPR=r604800&geoId=101174742&keywords=data%20analyst&location=Canada&refresh=true&sortBy=R,Jobs,2023-02-10T18:31:48.608Z
https://www.linkedin.com/jobs/view/3477881937/,3477881937,TELUS International,Online Data Analyst,https://media.licdn.com/dms/image/C560BAQHAe-roNpTebg/company-logo_100_100/0/1657119739427?e=1684368000&v=beta&t=KhmbX9JwC6QkpkgQYBXbGglbziv0Ig0EJKpkixZj8ZU,https://www.linkedin.com/company/1258653/,"Vancouver, BC",true,Remote,2 alumni work here,2023-02-10,false,false,0,https://www.linkedin.com/jobs/view/3477881937/,https://www.linkedin.com/jobs/search/?currentJobId=3373350725&f_E=1%2C2%2C3&f_T=340&f_TPR=r604800&geoId=101174742&keywords=data%20analyst&location=Canada&refresh=true&sortBy=R,Jobs,2023-02-10T18:31:48.608Z
https://www.linkedin.com/jobs/view/3469869792/,3469869792,Libro Credit Union,Insights Specialist (Analyst),https://media.licdn.com/dms/image/C560BAQHxqGCRCP_GGg/company-logo_100_100/0/1657032890624?e=1684368000&v=beta&t=oSYCrmjvqZFi-hLklmNhhGuHffCgGu-0Qxfy72F7_Gk,https://www.linkedin.com/company/1271160/,"London, ON",,Hybrid,1 connection works here,,false,true,0,https://www.linkedin.com/jobs/view/3469869792/,https://www.linkedin.com/jobs/search/?currentJobId=3373350725&f_E=1%2C2%2C3&f_T=340&f_TPR=r604800&geoId=101174742&keywords=data%20analyst&location=Canada&refresh=true&sortBy=R,Jobs,2023-02-10T18:31:48.608Z
https://www.linkedin.com/jobs/view/3477886486/,3477886486,TELUS International,Online Data Analyst,https://media.licdn.com/dms/image/C560BAQHAe-roNpTebg/company-logo_100_100/0/1657119739427?e=1684368000&v=beta&t=KhmbX9JwC6QkpkgQYBXbGglbziv0Ig0EJKpkixZj8ZU,https://www.linkedin.com/company/1258653/,"St John’s, NL",true,Remote,2 alumni work here,2023-02-10,false,false,0,https://www.linkedin.com/jobs/view/3477886486/,https://www.linkedin.com/jobs/search/?currentJobId=3373350725&f_E=1%2C2%2C3&f_T=340&f_TPR=r604800&geoId=101174742&keywords=data%20analyst&location=Canada&refresh=true&sortBy=R,Jobs,2023-02-10T18:31:48.608Z
https://www.linkedin.com/jobs/view/3476980069/,3476980069,United Way Halton & Hamilton,Data Analyst,https://media.licdn.com/dms/image/C4E0BAQFKAiKKVYYrQw/company-logo_100_100/0/1600268152093?e=1684368000&v=beta&t=WKKEM8VtKZeSj0hCYX4LkEdoEg6ZL3qqBtZFHKwjj1o,https://www.linkedin.com/company/2819272/,"Burlington, ON",,Hybrid,Your profile matches this job,2023-02-09,true,false,0,https://www.linkedin.com/jobs/view/3476980069/,https://www.linkedin.com/jobs/search/?currentJobId=3373350725&f_E=1%2C2%2C3&f_T=340&f_TPR=r604800&geoId=101174742&keywords=data%20analyst&location=Canada&refresh=true&sortBy=R,Jobs,2023-02-10T18:31:48.608Z
https://www.linkedin.com/jobs/view/3473043603/,3473043603,Glencore,Data analyst,https://media.licdn.com/dms/image/C4E0BAQFFxwyG3oCLQw/company-logo_100_100/0/1642769710454?e=1684368000&v=beta&t=o1IzsUenwHRd67JtdVxvItRt8PyISo-agxpH8QZPnZ0,https://www.linkedin.com/company/8518/,"Montreal, QC",,On-site,Your profile matches this job,2023-02-10,false,false,0,https://www.linkedin.com/jobs/view/3473043603/,https://www.linkedin.com/jobs/search/?currentJobId=3373350725&f_E=1%2C2%2C3&f_T=340&f_TPR=r604800&geoId=101174742&keywords=data%20analyst&location=Canada&refresh=true&sortBy=R,Jobs,2023-02-10T18:31:48.608Z
https://www.linkedin.com/jobs/view/3469895858/,3469895858,Canadian Tire Corporation,Data Analyst II,https://media.licdn.com/dms/image/C4E0BAQEGdJ0AEAxBeA/company-logo_100_100/0/1649796288096?e=1684368000&v=beta&t=rpHTSSCtaBvig4DUDfARelmN1kckhdNQZVrH1KRLjPM,https://www.linkedin.com/company/162883/,"Toronto, ON",,On-site,2 alumni work here,2023-02-10,false,false,0,https://www.linkedin.com/jobs/view/3469895858/,https://www.linkedin.com/jobs/search/?currentJobId=3373350725&f_E=1%2C2%2C3&f_T=340&f_TPR=r604800&geoId=101174742&keywords=data%20analyst&location=Canada&refresh=true&sortBy=R,Jobs,2023-02-10T18:31:48.608Z
https://www.linkedin.com/jobs/view/3476498500/,3476498500,Manulife,Data Analyst,https://media.licdn.com/dms/image/C560BAQFUSb0FvjgNMw/company-logo_100_100/0/1656941980406?e=1684368000&v=beta&t=draiAz9in0tZiebnZYNZ52eU5AO5XmQDHVgpHMMPRy4,https://www.linkedin.com/company/2691/,"Toronto, ON",,On-site,3 connections work here,2023-02-09,false,false,0,https://www.linkedin.com/jobs/view/3476498500/,https://www.linkedin.com/jobs/search/?currentJobId=3373350725&f_E=1%2C2%2C3&f_T=340&f_TPR=r604800&geoId=101174742&keywords=data%20analyst&location=Canada&refresh=true&sortBy=R,Jobs,2023-02-10T18:31:48.608Z
https://www.linkedin.com/jobs/view/3467671654/,3467671654,Beneva,Analyste de données actuarielles,https://media.licdn.com/dms/image/C4D0BAQHI1dT8Qj3Efg/company-logo_100_100/0/1607003091120?e=1684368000&v=beta&t=mTgc-nMacKC4rTobn6Y83s-eeXfwM2vopSWGQ91FYdo,https://www.linkedin.com/company/68521543/,"Québec, QC",,Hybrid,Actively recruiting,,false,true,8,https://www.linkedin.com/jobs/view/3467671654/,https://www.linkedin.com/jobs/search/?currentJobId=3373350725&f_E=1%2C2%2C3&f_T=340&f_TPR=r604800&geoId=101174742&keywords=data%20analyst&location=Canada&refresh=true&sortBy=R,Jobs,2023-02-10T18:31:48.608Z
https://www.linkedin.com/jobs/view/3477462152/,3477462152,Flair Airlines,Data Analyst,https://media.licdn.com/dms/image/C560BAQGJzQ8g_-HqTA/company-logo_100_100/0/1662663182846?e=1684368000&v=beta&t=z93POe0oj_I41ZrG7cxNT1P0CbTCsJ0hjwJxxxqyhAk,https://www.linkedin.com/company/3181128/,"Richmond, BC",,On-site,Actively recruiting,2023-02-09,false,false,0,https://www.linkedin.com/jobs/view/3477462152/,https://www.linkedin.com/jobs/search/?currentJobId=3373350725&f_E=1%2C2%2C3&f_T=340&f_TPR=r604800&geoId=101174742&keywords=data%20analyst&location=Canada&refresh=true&sortBy=R,Jobs,2023-02-10T18:31:48.608Z
https://www.linkedin.com/jobs/view/3476256693/,3476256693,Enercare Inc.,Analyst - Data Strategy and Analytics - 1 Year Contract,https://media.licdn.com/dms/image/C560BAQEwszzjwjEB-g/company-logo_100_100/0/1656625588412?e=1684368000&v=beta&t=NSKurkPoC7HqqzJLwEHxoY89mTFwjs0nqb6gNPeZk_M,https://www.linkedin.com/company/1407158/,"Markham, ON",,Hybrid,Actively recruiting,2023-02-09,true,false,0,https://www.linkedin.com/jobs/view/3476256693/,https://www.linkedin.com/jobs/search/?currentJobId=3373350725&f_E=1%2C2%2C3&f_T=340&f_TPR=r604800&geoId=101174742&keywords=data%20analyst&location=Canada&refresh=true&sortBy=R,Jobs,2023-02-10T18:31:48.608Z
https://www.linkedin.com/jobs/view/3477852595/,3477852595,BRP,Logistics Data Analyst,https://media.licdn.com/dms/image/C560BAQHmqBJXjEyd4w/company-logo_100_100/0/1634679401721?e=1684368000&v=beta&t=DbfmTGK8G8gmRDXUD7J1J6qOjL2frkYTp-iXtTFu0ug,https://www.linkedin.com/company/10580/,"Valcourt, QC",,On-site,Actively recruiting,2023-02-10,false,false,0,https://www.linkedin.com/jobs/view/3477852595/,https://www.linkedin.com/jobs/search/?currentJobId=3373350725&f_E=1%2C2%2C3&f_T=340&f_TPR=r604800&geoId=101174742&keywords=data%20analyst&location=Canada&refresh=true&sortBy=R,Jobs,2023-02-10T18:31:48.608Z
https://www.linkedin.com/jobs/view/3469897806/,3469897806,Canadian Tire Corporation,Forecasting Analyst - Canadian Tire Corporation,https://media.licdn.com/dms/image/C4E0BAQEGdJ0AEAxBeA/company-logo_100_100/0/1649796288096?e=1684368000&v=beta&t=rpHTSSCtaBvig4DUDfARelmN1kckhdNQZVrH1KRLjPM,https://www.linkedin.com/company/162883/,"Toronto, ON",,On-site,2 alumni work here,2023-02-10,false,false,0,https://www.linkedin.com/jobs/view/3469897806/,https://www.linkedin.com/jobs/search/?currentJobId=3373350725&f_E=1%2C2%2C3&f_T=340&f_TPR=r604800&geoId=101174742&keywords=data%20analyst&location=Canada&refresh=true&sortBy=R,Jobs,2023-02-10T18:31:48.608Z
https://www.linkedin.com/jobs/view/3471671451/,3471671451,Crossover,"Data Analyst, Trilogy (Remote) - $60,000/year USD",https://media.licdn.com/dms/image/C4E0BAQG8bdX5sQ24KQ/company-logo_100_100/0/1620025336126?e=1684368000&v=beta&t=CbBfgwlp30L9i2BcshtbvkiThM8MSk1kJCv0EC_J8U8,https://www.linkedin.com/company/9308035/,"Toronto, ON",true,Remote,Actively recruiting,2023-02-10,true,false,0,https://www.linkedin.com/jobs/view/3471671451/,https://www.linkedin.com/jobs/search/?currentJobId=3373350725&f_E=1%2C2%2C3&f_T=340&f_TPR=r604800&geoId=101174742&keywords=data%20analyst&location=Canada&refresh=true&sortBy=R,Jobs,2023-02-10T18:31:48.608Z
https://www.linkedin.com/jobs/view/3477356236/,3477356236,Newcrest Mining,FMS Data Analyst,https://media.licdn.com/dms/image/C560BAQFuQ-VzuLDsjA/company-logo_100_100/0/1626400090738?e=1684368000&v=beta&t=pnYBqJDMU07dHEjmoFM5addk14LsI-2g4swhI-J4L1A,https://www.linkedin.com/company/39394/,"Dease Lake, BC",,On-site,1 connection works here,2023-02-09,false,false,0,https://www.linkedin.com/jobs/view/3477356236/,https://www.linkedin.com/jobs/search/?currentJobId=3373350725&f_E=1%2C2%2C3&f_T=340&f_TPR=r604800&geoId=101174742&keywords=data%20analyst&location=Canada&refresh=true&sortBy=R,Jobs,2023-02-10T18:31:48.608Z
https://www.linkedin.com/jobs/view/3470501184/,3470501184,Canadian Tire Corporation,"Insights & Modelling Analyst, Performance Analytics",https://media.licdn.com/dms/image/C4E0BAQEGdJ0AEAxBeA/company-logo_100_100/0/1649796288096?e=1684368000&v=beta&t=rpHTSSCtaBvig4DUDfARelmN1kckhdNQZVrH1KRLjPM,https://www.linkedin.com/company/162883/,"Oakville, ON",,On-site,2 alumni work here,2023-02-10,true,false,0,https://www.linkedin.com/jobs/view/3470501184/,https://www.linkedin.com/jobs/search/?currentJobId=3373350725&f_E=1%2C2%2C3&f_T=340&f_TPR=r604800&geoId=101174742&keywords=data%20analyst&location=Canada&refresh=true&sortBy=R,Jobs,2023-02-10T18:31:48.608Z
https://www.linkedin.com/jobs/view/3477068316/,3477068316,Belcan,Analyse de donnees / Data analyst,https://media.licdn.com/dms/image/C4E0BAQEecC321XYJcQ/company-logo_100_100/0/1553113016787?e=1684368000&v=beta&t=Jl_FkW83C20EPIJaJW7mTx4DL0oKrL6y4S6jrr42730,https://www.linkedin.com/company/10028/,"Longueuil, QC",,Hybrid,Actively recruiting,2023-02-10,true,false,0,https://www.linkedin.com/jobs/view/3477068316/,https://www.linkedin.com/jobs/search/?currentJobId=3373350725&f_E=1%2C2%2C3&f_T=340&f_TPR=r604800&geoId=101174742&keywords=data%20analyst&location=Canada&refresh=true&sortBy=R,Jobs,2023-02-10T18:31:48.608Z
https://www.linkedin.com/jobs/view/3474079531/,3474079531,Bedard - Human Resources | Ressources humaines,Data Analyst,https://media.licdn.com/dms/image/C4D0BAQFzQNYJsWonOA/company-logo_100_100/0/1655914392107?e=1684368000&v=beta&t=G9H3bR8J81iQAca3QiePMWnub3Yn_uRluWs0ILO32uY,https://www.linkedin.com/company/593866/,"Terrebonne, QC",,Hybrid,Your profile matches this job,2023-02-07,false,false,0,https://www.linkedin.com/jobs/view/3474079531/,https://www.linkedin.com/jobs/search/?currentJobId=3373350725&f_E=1%2C2%2C3&f_T=340&f_TPR=r604800&geoId=101174742&keywords=data%20analyst&location=Canada&refresh=true&sortBy=R,Jobs,2023-02-10T18:31:48.608Z
https://www.linkedin.com/jobs/view/3475619506/,3475619506,BOMBARDIER,Logistic Data Analyst,https://media.licdn.com/dms/image/C4D0BAQF5lcPw4mNhCQ/company-logo_100_100/0/1530210918117?e=1684368000&v=beta&t=1A8fIhH8AvKXlXf4zpyZ5C91H6ahc1pniueyl3WkYH8,https://www.linkedin.com/company/2723/,"Montreal, QC",,Hybrid,Actively recruiting,2023-02-08,false,false,0,https://www.linkedin.com/jobs/view/3475619506/,https://www.linkedin.com/jobs/search/?currentJobId=3373350725&f_E=1%2C2%2C3&f_T=340&f_TPR=r604800&geoId=101174742&keywords=data%20analyst&location=Canada&refresh=true&sortBy=R,Jobs,2023-02-10T18:31:53.487Z
https://www.linkedin.com/jobs/view/3464881504/,3464881504,BioScript Solutions,Data Analyst,https://media.licdn.com/dms/image/C560BAQGWVvzA3HPL9w/company-logo_100_100/0/1656613758584?e=1684368000&v=beta&t=zzNxA1RFkK0kVIkoJMPXvtgbcXJd1_Qu3tmOspmTYK4,https://www.linkedin.com/company/11051661/,"Moncton, NB",,On-site,,2023-02-03,false,false,0,https://www.linkedin.com/jobs/view/3464881504/,https://www.linkedin.com/jobs/search/?currentJobId=3373350725&f_E=1%2C2%2C3&f_T=340&f_TPR=r604800&geoId=101174742&keywords=data%20analyst&location=Canada&refresh=true&sortBy=R,Jobs,2023-02-10T18:31:53.487Z
https://www.linkedin.com/jobs/view/3473472186/,3473472186,Procom,Data Analyst II,https://media.licdn.com/dms/image/C4E0BAQFyC83Q4C6XGQ/company-logo_100_100/0/1629146632268?e=1684368000&v=beta&t=id_xU-DgPi7R_1Paq6hYC36Ks8wvJwLZ9k5uh_GYKWA,https://www.linkedin.com/company/8235/,"Vancouver, BC",,On-site,1 connection works here,2023-02-04,false,false,0,https://www.linkedin.com/jobs/view/3473472186/,https://www.linkedin.com/jobs/search/?currentJobId=3373350725&f_E=1%2C2%2C3&f_T=340&f_TPR=r604800&geoId=101174742&keywords=data%20analyst&location=Canada&refresh=true&sortBy=R,Jobs,2023-02-10T18:31:53.487Z
https://www.linkedin.com/jobs/view/3476271448/,3476271448,Defence Construction Canada,Analyste de données,https://media.licdn.com/dms/image/C4E0BAQHfur1Vz108rA/company-logo_100_100/0/1621621438118?e=1684368000&v=beta&t=g8_c_1qhA-mNqZny3cdiHVLFocQ_Z-flNlJmlzYBZyg,https://www.linkedin.com/company/693781/,"Ottawa, ON",,On-site,1 alum works here,2023-02-09,false,false,0,https://www.linkedin.com/jobs/view/3476271448/,https://www.linkedin.com/jobs/search/?currentJobId=3373350725&f_E=1%2C2%2C3&f_T=340&f_TPR=r604800&geoId=101174742&keywords=data%20analyst&location=Canada&refresh=true&sortBy=R,Jobs,2023-02-10T18:31:53.487Z
https://www.linkedin.com/jobs/view/3464877979/,3464877979,BioScript Solutions,"Data Analyst (Oakville, ON)",https://media.licdn.com/dms/image/C560BAQGWVvzA3HPL9w/company-logo_100_100/0/1656613758584?e=1684368000&v=beta&t=zzNxA1RFkK0kVIkoJMPXvtgbcXJd1_Qu3tmOspmTYK4,https://www.linkedin.com/company/11051661/,"Oakville, ON",,On-site,,2023-02-03,false,false,0,https://www.linkedin.com/jobs/view/3464877979/,https://www.linkedin.com/jobs/search/?currentJobId=3373350725&f_E=1%2C2%2C3&f_T=340&f_TPR=r604800&geoId=101174742&keywords=data%20analyst&location=Canada&refresh=true&sortBy=R,Jobs,2023-02-10T18:31:53.487Z
https://www.linkedin.com/jobs/view/3473707062/,3473707062,Apex Systems,Data Analyst,https://media.licdn.com/dms/image/C560BAQGqw9dL4sPgrw/company-logo_100_100/0/1658240804854?e=1684368000&v=beta&t=65Vc81ZsKig2CupXO4FaK83CwfOtYwfH1bHBQ7Zu83k,https://www.linkedin.com/company/4787/,"Mississauga, ON",,On-site,Actively recruiting,2023-02-07,false,false,0,https://www.linkedin.com/jobs/view/3473707062/,https://www.linkedin.com/jobs/search/?currentJobId=3373350725&f_E=1%2C2%2C3&f_T=340&f_TPR=r604800&geoId=101174742&keywords=data%20analyst&location=Canada&refresh=true&sortBy=R,Jobs,2023-02-10T18:31:53.487Z
https://www.linkedin.com/jobs/view/3471572862/,3471572862,Loblaw Companies Limited,"Data Analyst, Payment Decision Support",https://media.licdn.com/dms/image/C4E0BAQF_cxx7cgQaiQ/company-logo_100_100/0/1519913127417?e=1684368000&v=beta&t=AYexKM1kCz7jYtRi7t8yJOTRL-CAXQ2q17kh3AKG7bs,https://www.linkedin.com/company/164756/,"Toronto, ON",,On-site,1 connection works here,2023-02-10,false,false,0,https://www.linkedin.com/jobs/view/3471572862/,https://www.linkedin.com/jobs/search/?currentJobId=3373350725&f_E=1%2C2%2C3&f_T=340&f_TPR=r604800&geoId=101174742&keywords=data%20analyst&location=Canada&refresh=true&sortBy=R,Jobs,2023-02-10T18:31:53.487Z
https://www.linkedin.com/jobs/view/3475365573/,3475365573,Altrio,"Data Analyst (CRE, Investment)",https://media.licdn.com/dms/image/C4D0BAQEpGZxxw1XIvw/company-logo_100_100/0/1592187501534?e=1684368000&v=beta&t=SwS2HcVqXVp7UEojEfNql5EMpn_06T52TLN28oqXMbs,https://www.linkedin.com/company/65349352/,"Toronto, ON",,Hybrid,Actively recruiting,2023-02-08,true,false,0,https://www.linkedin.com/jobs/view/3475365573/,https://www.linkedin.com/jobs/search/?currentJobId=3373350725&f_E=1%2C2%2C3&f_T=340&f_TPR=r604800&geoId=101174742&keywords=data%20analyst&location=Canada&refresh=true&sortBy=R,Jobs,2023-02-10T18:31:53.487Z
https://www.linkedin.com/jobs/view/3469897809/,3469897809,FGL Sports Ltd,Data Analyst - Sports Experts,https://media.licdn.com/dms/image/C560BAQHOFs4bU5jl_g/company-logo_100_100/0/1608650055447?e=1684368000&v=beta&t=FlU7SbuRK2wxz6_31k57v6eU-j2NhQ-fafZufD84FzQ,https://www.linkedin.com/company/40688/,"Laval, QC",,On-site,Actively recruiting,2023-02-10,true,false,0,https://www.linkedin.com/jobs/view/3469897809/,https://www.linkedin.com/jobs/search/?currentJobId=3373350725&f_E=1%2C2%2C3&f_T=340&f_TPR=r604800&geoId=101174742&keywords=data%20analyst&location=Canada&refresh=true&sortBy=R,Jobs,2023-02-10T18:31:53.487Z
https://www.linkedin.com/jobs/view/3450806037/,3450806037,B-Stock Solutions,"Data Analyst, Customer Success",https://media.licdn.com/dms/image/C4E0BAQGniaetWq-qjg/company-logo_100_100/0/1519912242751?e=1684368000&v=beta&t=2iNHpnujO0Yfm6DRHD74Gb64Sg7R1yfOvGT3RAYfHZk,https://www.linkedin.com/company/232612/,"Greater Vancouver, BC",true,Remote,Actively recruiting,2023-02-08,false,false,0,https://www.linkedin.com/jobs/view/3450806037/,https://www.linkedin.com/jobs/search/?currentJobId=3373350725&f_E=1%2C2%2C3&f_T=340&f_TPR=r604800&geoId=101174742&keywords=data%20analyst&location=Canada&refresh=true&sortBy=R,Jobs,2023-02-10T18:31:53.487Z
https://www.linkedin.com/jobs/view/3473183378/,3473183378,Provincial Health Services Authority,Inventory Data Analyst,https://media.licdn.com/dms/image/C560BAQEWSJsHmhxXkw/company-logo_100_100/0/1671483368502?e=1684368000&v=beta&t=wNzSnXDJFnN221GA8oSgtPOpfpMdgh1Nzqscw_fEcTY,https://www.linkedin.com/company/17244/,"Langley, BC",,Hybrid,1 alum works here,2023-02-06,false,false,14,https://www.linkedin.com/jobs/view/3473183378/,https://www.linkedin.com/jobs/search/?currentJobId=3373350725&f_E=1%2C2%2C3&f_T=340&f_TPR=r604800&geoId=101174742&keywords=data%20analyst&location=Canada&refresh=true&sortBy=R,Jobs,2023-02-10T18:31:53.487Z
https://www.linkedin.com/jobs/view/3464945036/,3464945036,ARC Business Solutions Inc.,Data Analyst,https://media.licdn.com/dms/image/C4E0BAQGHoB83PRBm-w/company-logo_100_100/0/1519906596056?e=1684368000&v=beta&t=m8bpnb1wisNynfzQzp112BRga5pny2bzF_rqf_ZKUtQ,https://www.linkedin.com/company/1380075/,"Toronto, ON",,On-site,,2023-02-06,true,false,0,https://www.linkedin.com/jobs/view/3464945036/,https://www.linkedin.com/jobs/search/?currentJobId=3373350725&f_E=1%2C2%2C3&f_T=340&f_TPR=r604800&geoId=101174742&keywords=data%20analyst&location=Canada&refresh=true&sortBy=R,Jobs,2023-02-10T18:31:53.487Z
https://www.linkedin.com/jobs/view/3463067547/,3463067547,Cascade Debt,Credit Data Analyst,https://media.licdn.com/dms/image/C4E0BAQE7-IM4xy5Jlg/company-logo_100_100/0/1660319757579?e=1684368000&v=beta&t=TbwpEfRDwT02gyr8jzHvOWDLKJrFKwchkXrfEtrS7J0,https://www.linkedin.com/company/86964272/,"Ontario, Canada",true,Remote,,2023-02-08,false,false,0,https://www.linkedin.com/jobs/view/3463067547/,https://www.linkedin.com/jobs/search/?currentJobId=3373350725&f_E=1%2C2%2C3&f_T=340&f_TPR=r604800&geoId=101174742&keywords=data%20analyst&location=Canada&refresh=true&sortBy=R,Jobs,2023-02-10T18:31:53.487Z
https://www.linkedin.com/jobs/view/3471536103/,3471536103,TELUS International,Online Data Analyst - French Language,https://media.licdn.com/dms/image/C560BAQHAe-roNpTebg/company-logo_100_100/0/1657119739427?e=1684368000&v=beta&t=KhmbX9JwC6QkpkgQYBXbGglbziv0Ig0EJKpkixZj8ZU,https://www.linkedin.com/company/1258653/,"Sherbrooke, QC",true,Remote,2 alumni work here,2023-02-10,false,false,0,https://www.linkedin.com/jobs/view/3471536103/,https://www.linkedin.com/jobs/search/?currentJobId=3373350725&f_E=1%2C2%2C3&f_T=340&f_TPR=r604800&geoId=101174742&keywords=data%20analyst&location=Canada&refresh=true&sortBy=R,Jobs,2023-02-10T18:31:53.487Z
https://www.linkedin.com/jobs/view/3477986756/,3477986756,BOMBARDIER,"Maintenance Data Analysis, Reliability Analyst",https://media.licdn.com/dms/image/C4D0BAQF5lcPw4mNhCQ/company-logo_100_100/0/1530210918117?e=1684368000&v=beta&t=1A8fIhH8AvKXlXf4zpyZ5C91H6ahc1pniueyl3WkYH8,https://www.linkedin.com/company/2723/,"Montreal, QC",,Hybrid,Actively recruiting,2023-02-10,false,false,0,https://www.linkedin.com/jobs/view/3477986756/,https://www.linkedin.com/jobs/search/?currentJobId=3373350725&f_E=1%2C2%2C3&f_T=340&f_TPR=r604800&geoId=101174742&keywords=data%20analyst&location=Canada&refresh=true&sortBy=R,Jobs,2023-02-10T18:31:53.487Z
https://www.linkedin.com/jobs/view/3471531771/,3471531771,TELUS International,Online Data Analyst - French Language,https://media.licdn.com/dms/image/C560BAQHAe-roNpTebg/company-logo_100_100/0/1657119739427?e=1684368000&v=beta&t=KhmbX9JwC6QkpkgQYBXbGglbziv0Ig0EJKpkixZj8ZU,https://www.linkedin.com/company/1258653/,"St-Jérôme, QC",true,Remote,2 alumni work here,2023-02-10,false,false,0,https://www.linkedin.com/jobs/view/3471531771/,https://www.linkedin.com/jobs/search/?currentJobId=3373350725&f_E=1%2C2%2C3&f_T=340&f_TPR=r604800&geoId=101174742&keywords=data%20analyst&location=Canada&refresh=true&sortBy=R,Jobs,2023-02-10T18:31:53.487Z
https://www.linkedin.com/jobs/view/3471534181/,3471534181,TELUS International,Online Data Analyst - French Language,https://media.licdn.com/dms/image/C560BAQHAe-roNpTebg/company-logo_100_100/0/1657119739427?e=1684368000&v=beta&t=KhmbX9JwC6QkpkgQYBXbGglbziv0Ig0EJKpkixZj8ZU,https://www.linkedin.com/company/1258653/,"Quebec, Canada",true,Remote,2 alumni work here,2023-02-10,false,false,0,https://www.linkedin.com/jobs/view/3471534181/,https://www.linkedin.com/jobs/search/?currentJobId=3373350725&f_E=1%2C2%2C3&f_T=340&f_TPR=r604800&geoId=101174742&keywords=data%20analyst&location=Canada&refresh=true&sortBy=R,Jobs,2023-02-10T18:31:53.487Z
https://www.linkedin.com/jobs/view/3471537001/,3471537001,TELUS International,Online Data Analyst - French Language,https://media.licdn.com/dms/image/C560BAQHAe-roNpTebg/company-logo_100_100/0/1657119739427?e=1684368000&v=beta&t=KhmbX9JwC6QkpkgQYBXbGglbziv0Ig0EJKpkixZj8ZU,https://www.linkedin.com/company/1258653/,"Gatineau, QC",true,Remote,2 alumni work here,2023-02-10,false,false,0,https://www.linkedin.com/jobs/view/3471537001/,https://www.linkedin.com/jobs/search/?currentJobId=3373350725&f_E=1%2C2%2C3&f_T=340&f_TPR=r604800&geoId=101174742&keywords=data%20analyst&location=Canada&refresh=true&sortBy=R,Jobs,2023-02-10T18:31:53.487Z
https://www.linkedin.com/jobs/view/3471537133/,3471537133,TELUS International,Online Data Analyst - French Language,https://media.licdn.com/dms/image/C560BAQHAe-roNpTebg/company-logo_100_100/0/1657119739427?e=1684368000&v=beta&t=KhmbX9JwC6QkpkgQYBXbGglbziv0Ig0EJKpkixZj8ZU,https://www.linkedin.com/company/1258653/,"Drummondville, QC",true,Remote,2 alumni work here,2023-02-10,false,false,0,https://www.linkedin.com/jobs/view/3471537133/,https://www.linkedin.com/jobs/search/?currentJobId=3373350725&f_E=1%2C2%2C3&f_T=340&f_TPR=r604800&geoId=101174742&keywords=data%20analyst&location=Canada&refresh=true&sortBy=R,Jobs,2023-02-10T18:31:53.487Z
https://www.linkedin.com/jobs/view/3465472530/,3465472530,Diverse Lynx,Business / Data Analyst,https://media.licdn.com/dms/image/C4E0BAQGk4XHA-0aydA/company-logo_100_100/0/1553721179130?e=1684368000&v=beta&t=16jVVhODgfINluXy_hzCDxAvLa9vZMi_ULhti8Bm_5Y,https://www.linkedin.com/company/90396/,"Toronto, ON",,On-site,Actively recruiting,2023-02-07,false,false,0,https://www.linkedin.com/jobs/view/3465472530/,https://www.linkedin.com/jobs/search/?currentJobId=3373350725&f_E=1%2C2%2C3&f_T=340&f_TPR=r604800&geoId=101174742&keywords=data%20analyst&location=Canada&refresh=true&sortBy=R,Jobs,2023-02-10T18:31:53.487Z
https://www.linkedin.com/jobs/view/3465474207/,3465474207,Diverse Lynx,Business / Data Analyst,https://media.licdn.com/dms/image/C4E0BAQGk4XHA-0aydA/company-logo_100_100/0/1553721179130?e=1684368000&v=beta&t=16jVVhODgfINluXy_hzCDxAvLa9vZMi_ULhti8Bm_5Y,https://www.linkedin.com/company/90396/,"Toronto, ON",,On-site,Actively recruiting,2023-02-07,false,false,0,https://www.linkedin.com/jobs/view/3465474207/,https://www.linkedin.com/jobs/search/?currentJobId=3373350725&f_E=1%2C2%2C3&f_T=340&f_TPR=r604800&geoId=101174742&keywords=data%20analyst&location=Canada&refresh=true&sortBy=R,Jobs,2023-02-10T18:31:53.487Z
https://www.linkedin.com/jobs/view/3472118906/,3472118906,Bank of Canada,"Analyst, Cloud Data",https://media.licdn.com/dms/image/C510BAQHzg-xiqPLffQ/company-logo_100_100/0/1519856134356?e=1684368000&v=beta&t=2kfFd59MTnETAlc1tyuAkhaaWYsOcZM9PnSx1TEPPPw,https://www.linkedin.com/company/12682/,"Ottawa, Ontario, Canada",,Hybrid,Actively recruiting,2023-02-06,false,false,0,https://www.linkedin.com/jobs/view/3472118906/,https://www.linkedin.com/jobs/search/?currentJobId=3373350725&f_E=1%2C2%2C3&f_T=340&f_TPR=r604800&geoId=101174742&keywords=data%20analyst&location=Canada&refresh=true&sortBy=R,Jobs,2023-02-10T18:31:53.487Z
https://www.linkedin.com/jobs/view/3471530830/,3471530830,TELUS International,Online Data Analyst - French Language,https://media.licdn.com/dms/image/C560BAQHAe-roNpTebg/company-logo_100_100/0/1657119739427?e=1684368000&v=beta&t=KhmbX9JwC6QkpkgQYBXbGglbziv0Ig0EJKpkixZj8ZU,https://www.linkedin.com/company/1258653/,"Trois-Rivières, QC",true,Remote,2 alumni work here,2023-02-10,false,false,0,https://www.linkedin.com/jobs/view/3471530830/,https://www.linkedin.com/jobs/search/?currentJobId=3373350725&f_E=1%2C2%2C3&f_T=340&f_TPR=r604800&geoId=101174742&keywords=data%20analyst&location=Canada&refresh=true&sortBy=R,Jobs,2023-02-10T18:31:53.488Z
https://www.linkedin.com/jobs/view/3471536129/,3471536129,TELUS International,Online Data Analyst - French Language,https://media.licdn.com/dms/image/C560BAQHAe-roNpTebg/company-logo_100_100/0/1657119739427?e=1684368000&v=beta&t=KhmbX9JwC6QkpkgQYBXbGglbziv0Ig0EJKpkixZj8ZU,https://www.linkedin.com/company/1258653/,"Chicoutimi, QC",true,Remote,2 alumni work here,2023-02-10,false,false,0,https://www.linkedin.com/jobs/view/3471536129/,https://www.linkedin.com/jobs/search/?currentJobId=3373350725&f_E=1%2C2%2C3&f_T=340&f_TPR=r604800&geoId=101174742&keywords=data%20analyst&location=Canada&refresh=true&sortBy=R,Jobs,2023-02-10T18:31:58.820Z
https://www.linkedin.com/jobs/view/3471532536/,3471532536,TELUS International,Online Data Analyst - French Language,https://media.licdn.com/dms/image/C560BAQHAe-roNpTebg/company-logo_100_100/0/1657119739427?e=1684368000&v=beta&t=KhmbX9JwC6QkpkgQYBXbGglbziv0Ig0EJKpkixZj8ZU,https://www.linkedin.com/company/1258653/,"St-Jean-Sur-Richelieu, QC",true,Remote,2 alumni work here,2023-02-10,false,false,0,https://www.linkedin.com/jobs/view/3471532536/,https://www.linkedin.com/jobs/search/?currentJobId=3373350725&f_E=1%2C2%2C3&f_T=340&f_TPR=r604800&geoId=101174742&keywords=data%20analyst&location=Canada&refresh=true&sortBy=R,Jobs,2023-02-10T18:31:58.820Z
https://www.linkedin.com/jobs/view/3471531653/,3471531653,TELUS International,Online Data Analyst - French Language,https://media.licdn.com/dms/image/C560BAQHAe-roNpTebg/company-logo_100_100/0/1657119739427?e=1684368000&v=beta&t=KhmbX9JwC6QkpkgQYBXbGglbziv0Ig0EJKpkixZj8ZU,https://www.linkedin.com/company/1258653/,"Montreal, QC",true,Remote,2 alumni work here,2023-02-10,false,false,0,https://www.linkedin.com/jobs/view/3471531653/,https://www.linkedin.com/jobs/search/?currentJobId=3373350725&f_E=1%2C2%2C3&f_T=340&f_TPR=r604800&geoId=101174742&keywords=data%20analyst&location=Canada&refresh=true&sortBy=R,Jobs,2023-02-10T18:31:58.820Z
https://www.linkedin.com/jobs/view/3471530937/,3471530937,TELUS International,Online Data Analyst - French Language,https://media.licdn.com/dms/image/C560BAQHAe-roNpTebg/company-logo_100_100/0/1657119739427?e=1684368000&v=beta&t=KhmbX9JwC6QkpkgQYBXbGglbziv0Ig0EJKpkixZj8ZU,https://www.linkedin.com/company/1258653/,"Châteauguay, QC",true,Remote,2 alumni work here,2023-02-10,false,false,0,https://www.linkedin.com/jobs/view/3471530937/,https://www.linkedin.com/jobs/search/?currentJobId=3373350725&f_E=1%2C2%2C3&f_T=340&f_TPR=r604800&geoId=101174742&keywords=data%20analyst&location=Canada&refresh=true&sortBy=R,Jobs,2023-02-10T18:31:58.820Z
https://www.linkedin.com/jobs/view/3467898378/,3467898378,Armanino LLP,"Data Analyst, Tax Operations",https://media.licdn.com/dms/image/C560BAQGMouOm-_FaUg/company-logo_100_100/0/1657031478779?e=1684368000&v=beta&t=7fA_Z17yaqiiQvKufVp5g0jFddH87l1JMIkWQ6XRC24,https://www.linkedin.com/company/14546/,"Open Hall, NL",,On-site,Actively recruiting,2023-02-08,false,false,0,https://www.linkedin.com/jobs/view/3467898378/,https://www.linkedin.com/jobs/search/?currentJobId=3373350725&f_E=1%2C2%2C3&f_T=340&f_TPR=r604800&geoId=101174742&keywords=data%20analyst&location=Canada&refresh=true&sortBy=R,Jobs,2023-02-10T18:31:58.820Z
https://www.linkedin.com/jobs/view/3464982721/,3464982721,Randstad Canada,Data Analyst- RFR 23014,https://media.licdn.com/dms/image/C560BAQGG_cW3gLkJKQ/company-logo_100_100/0/1668796871304?e=1684368000&v=beta&t=7fnhApdIEwulFlZy1YNC9THkLP1oAVrcuuWlLCEHQcM,https://www.linkedin.com/company/351109/,"Toronto, ON",,Hybrid,Actively recruiting,2023-02-06,false,false,0,https://www.linkedin.com/jobs/view/3464982721/,https://www.linkedin.com/jobs/search/?currentJobId=3373350725&f_E=1%2C2%2C3&f_T=340&f_TPR=r604800&geoId=101174742&keywords=data%20analyst&location=Canada&refresh=true&sortBy=R,Jobs,2023-02-10T18:31:58.820Z
https://www.linkedin.com/jobs/view/3466851510/,3466851510,BCJobs,Data Analyst (Equest),https://media.licdn.com/dms/image/C560BAQEnl7AEDJmM-Q/company-logo_100_100/0/1591218960641?e=1684368000&v=beta&t=PTWiN9zS8dI9OOVu0QueX7TiXX8csqIxCN0cc57lsHQ,https://www.linkedin.com/company/239422/,"Surrey, BC",,On-site,,2023-02-05,false,false,0,https://www.linkedin.com/jobs/view/3466851510/,https://www.linkedin.com/jobs/search/?currentJobId=3373350725&f_E=1%2C2%2C3&f_T=340&f_TPR=r604800&geoId=101174742&keywords=data%20analyst&location=Canada&refresh=true&sortBy=R,Jobs,2023-02-10T18:31:58.820Z
https://www.linkedin.com/jobs/view/3465475166/,3465475166,Diverse Lynx,Business Analyst / Data Analyst,https://media.licdn.com/dms/image/C4E0BAQGk4XHA-0aydA/company-logo_100_100/0/1553721179130?e=1684368000&v=beta&t=16jVVhODgfINluXy_hzCDxAvLa9vZMi_ULhti8Bm_5Y,https://www.linkedin.com/company/90396/,"Toronto, ON",,On-site,Actively recruiting,2023-02-07,false,false,0,https://www.linkedin.com/jobs/view/3465475166/,https://www.linkedin.com/jobs/search/?currentJobId=3373350725&f_E=1%2C2%2C3&f_T=340&f_TPR=r604800&geoId=101174742&keywords=data%20analyst&location=Canada&refresh=true&sortBy=R,Jobs,2023-02-10T18:31:58.820Z
https://www.linkedin.com/jobs/view/3452706771/,3452706771,MindGeek,"Data Analyst, Payment Operations",https://media.licdn.com/dms/image/C4D0BAQGGc9kVBuQIEQ/company-logo_100_100/0/1592272485196?e=1684368000&v=beta&t=MhFlYBdX2M0MbMFcBno_WpHgsP3P4rEirchfO8S49fM,https://www.linkedin.com/company/4976061/,"Montreal, QC",,Hybrid,Actively recruiting,2023-02-07,true,false,0,https://www.linkedin.com/jobs/view/3452706771/,https://www.linkedin.com/jobs/search/?currentJobId=3373350725&f_E=1%2C2%2C3&f_T=340&f_TPR=r604800&geoId=101174742&keywords=data%20analyst&location=Canada&refresh=true&sortBy=R,Jobs,2023-02-10T18:31:58.820Z
https://www.linkedin.com/jobs/view/3473978864/,3473978864,iA Financial Group (Industrial Alliance),Analyste de données,https://media.licdn.com/dms/image/C4D0BAQGdx0U2pvqZBA/company-logo_100_100/0/1519856553409?e=1684368000&v=beta&t=f4V5d2DVfH-rT-Sgg42VGkSdV8s746N9AvMkzAYxtdU,https://www.linkedin.com/company/19136/,"Montreal, QC",,,Actively recruiting,2023-02-08,false,false,0,https://www.linkedin.com/jobs/view/3473978864/,https://www.linkedin.com/jobs/search/?currentJobId=3373350725&f_E=1%2C2%2C3&f_T=340&f_TPR=r604800&geoId=101174742&keywords=data%20analyst&location=Canada&refresh=true&sortBy=R,Jobs,2023-02-10T18:31:58.820Z
https://www.linkedin.com/jobs/view/3472917819/,3472917819,Fraser Health Authority,"Information and Data Analyst, Population Health Observatory",https://media.licdn.com/dms/image/D4E0BAQFft42RJ4cVtw/company-logo_100_100/0/1664811051070?e=1684368000&v=beta&t=ZCbjxF__we5Cm-fZ_OwQcGf7heuVRI9quau82Ah6FHs,https://www.linkedin.com/company/16250/,"Surrey, BC",,On-site,1 alum works here,2023-02-07,false,false,0,https://www.linkedin.com/jobs/view/3472917819/,https://www.linkedin.com/jobs/search/?currentJobId=3373350725&f_E=1%2C2%2C3&f_T=340&f_TPR=r604800&geoId=101174742&keywords=data%20analyst&location=Canada&refresh=true&sortBy=R,Jobs,2023-02-10T18:31:58.820Z
https://www.linkedin.com/jobs/view/3467315520/,3467315520,Siemens,Analyste de données,https://media.licdn.com/dms/image/C4E0BAQH8OycY4UspgQ/company-logo_100_100/0/1656603399847?e=1684368000&v=beta&t=APjqRld4JbF__y89KosW-QIMZ9tlfQm1es3PhVM21pM,https://www.linkedin.com/company/1043/,"Drummondville, QC",,On-site,1 connection works here,2023-02-08,false,false,12,https://www.linkedin.com/jobs/view/3467315520/,https://www.linkedin.com/jobs/search/?currentJobId=3373350725&f_E=1%2C2%2C3&f_T=340&f_TPR=r604800&geoId=101174742&keywords=data%20analyst&location=Canada&refresh=true&sortBy=R,Jobs,2023-02-10T18:31:58.820Z
https://www.linkedin.com/jobs/view/3471581320/,3471581320,Concept SGA Inc.,Analyste De Donnees at Concept SGA Just Posted Today,https://media.licdn.com/dms/image/C4D0BAQEJeCfbNiGQTA/company-logo_100_100/0/1613161784406?e=1684368000&v=beta&t=IV-vw8qgwhSBw20kJ71x4uEU8sS7yMeq3VAE79dh_Nw,https://www.linkedin.com/company/70396467/,"Toronto, ON",,Hybrid,Your profile matches this job,2023-02-10,false,false,0,https://www.linkedin.com/jobs/view/3471581320/,https://www.linkedin.com/jobs/search/?currentJobId=3373350725&f_E=1%2C2%2C3&f_T=340&f_TPR=r604800&geoId=101174742&keywords=data%20analyst&location=Canada&refresh=true&sortBy=R,Jobs,2023-02-10T18:31:58.820Z
https://www.linkedin.com/jobs/view/3467004610/,3467004610,Experis,Data Analyst (Cybersecurity),https://media.licdn.com/dms/image/C560BAQEFrWAZZotIWw/company-logo_100_100/0/1656680917855?e=1684368000&v=beta&t=3h7jXZkrtIHS1qTYhmps3Wn0E_Rrxtch1ncp3yP_9DI,https://www.linkedin.com/company/2203697/,"Toronto, ON",true,Remote,Actively recruiting,2023-02-07,false,false,0,https://www.linkedin.com/jobs/view/3467004610/,https://www.linkedin.com/jobs/search/?currentJobId=3373350725&f_E=1%2C2%2C3&f_T=340&f_TPR=r604800&geoId=101174742&keywords=data%20analyst&location=Canada&refresh=true&sortBy=R,Jobs,2023-02-10T18:31:58.820Z
https://www.linkedin.com/jobs/view/3476261643/,3476261643,BCJobs,STO-RE 24R - Data Analyst and Visualization Specialist (BC Public Service),https://media.licdn.com/dms/image/C560BAQEnl7AEDJmM-Q/company-logo_100_100/0/1591218960641?e=1684368000&v=beta&t=PTWiN9zS8dI9OOVu0QueX7TiXX8csqIxCN0cc57lsHQ,https://www.linkedin.com/company/239422/,"Abbotsford, BC",,Hybrid,,2023-02-09,false,false,6,https://www.linkedin.com/jobs/view/3476261643/,https://www.linkedin.com/jobs/search/?currentJobId=3373350725&f_E=1%2C2%2C3&f_T=340&f_TPR=r604800&geoId=101174742&keywords=data%20analyst&location=Canada&refresh=true&sortBy=R,Jobs,2023-02-10T18:31:58.820Z
https://www.linkedin.com/jobs/view/3468516337/,3468516337,BOMBARDIER,Analyste de données logistique,https://media.licdn.com/dms/image/C4D0BAQF5lcPw4mNhCQ/company-logo_100_100/0/1530210918117?e=1684368000&v=beta&t=1A8fIhH8AvKXlXf4zpyZ5C91H6ahc1pniueyl3WkYH8,https://www.linkedin.com/company/2723/,"Montreal, Quebec, Canada",,On-site,Actively recruiting,2023-02-08,false,false,6,https://www.linkedin.com/jobs/view/3468516337/,https://www.linkedin.com/jobs/search/?currentJobId=3373350725&f_E=1%2C2%2C3&f_T=340&f_TPR=r604800&geoId=101174742&keywords=data%20analyst&location=Canada&refresh=true&sortBy=R,Jobs,2023-02-10T18:31:58.820Z
https://www.linkedin.com/jobs/view/3464943062/,3464943062,Concept SGA Inc.,Analyste de Données,https://media.licdn.com/dms/image/C4D0BAQEJeCfbNiGQTA/company-logo_100_100/0/1613161784406?e=1684368000&v=beta&t=IV-vw8qgwhSBw20kJ71x4uEU8sS7yMeq3VAE79dh_Nw,https://www.linkedin.com/company/70396467/,"Terrebonne, QC",,Hybrid,Your profile matches this job,2023-02-05,false,false,0,https://www.linkedin.com/jobs/view/3464943062/,https://www.linkedin.com/jobs/search/?currentJobId=3373350725&f_E=1%2C2%2C3&f_T=340&f_TPR=r604800&geoId=101174742&keywords=data%20analyst&location=Canada&refresh=true&sortBy=R,Jobs,2023-02-10T18:31:58.820Z
https://www.linkedin.com/jobs/view/3469875963/,3469875963,Randstad Canada,P3 - Hadoop Analyst,https://media.licdn.com/dms/image/C560BAQGG_cW3gLkJKQ/company-logo_100_100/0/1668796871304?e=1684368000&v=beta&t=7fnhApdIEwulFlZy1YNC9THkLP1oAVrcuuWlLCEHQcM,https://www.linkedin.com/company/351109/,"Mississauga, ON",,,Actively recruiting,2023-02-09,false,false,0,https://www.linkedin.com/jobs/view/3469875963/,https://www.linkedin.com/jobs/search/?currentJobId=3373350725&f_E=1%2C2%2C3&f_T=340&f_TPR=r604800&geoId=101174742&keywords=data%20analyst&location=Canada&refresh=true&sortBy=R,Jobs,2023-02-10T18:31:58.820Z
https://www.linkedin.com/jobs/view/3471578329/,3471578329,Concept SGA Inc.,Concept SGA is looking for Analyste De Donnees in Toronto,https://media.licdn.com/dms/image/C4D0BAQEJeCfbNiGQTA/company-logo_100_100/0/1613161784406?e=1684368000&v=beta&t=IV-vw8qgwhSBw20kJ71x4uEU8sS7yMeq3VAE79dh_Nw,https://www.linkedin.com/company/70396467/,"Toronto, ON",,Hybrid,Your profile matches this job,2023-02-10,false,false,0,https://www.linkedin.com/jobs/view/3471578329/,https://www.linkedin.com/jobs/search/?currentJobId=3373350725&f_E=1%2C2%2C3&f_T=340&f_TPR=r604800&geoId=101174742&keywords=data%20analyst&location=Canada&refresh=true&sortBy=R,Jobs,2023-02-10T18:31:58.820Z
https://www.linkedin.com/jobs/view/3471062366/,3471062366,tentree,Junior Business Intelligence Analyst,https://media.licdn.com/dms/image/C560BAQGLnPEPahXvsg/company-logo_100_100/0/1605893908630?e=1684368000&v=beta&t=AjqDHw0RKxTbyCZo71we06RctavUjAUDxX2xRvVYuPQ,https://www.linkedin.com/company/2785482/,"Vancouver, BC",,On-site,,2023-02-06,true,false,0,https://www.linkedin.com/jobs/view/3471062366/,https://www.linkedin.com/jobs/search/?currentJobId=3373350725&f_E=1%2C2%2C3&f_T=340&f_TPR=r604800&geoId=101174742&keywords=data%20analyst&location=Canada&refresh=true&sortBy=R,Jobs,2023-02-10T18:31:58.820Z
https://www.linkedin.com/jobs/view/3468596488/,3468596488,TekStaff IT Solutions,Data/Business Analyst,https://media.licdn.com/dms/image/C4D0BAQFA5o_K2s_jEw/company-logo_100_100/0/1519908409978?e=1684368000&v=beta&t=0HWxIWwCDXMspte9KwkHiDXEOfXYcUDgXqbb9RZiAbw,https://www.linkedin.com/company/517808/,"Scarborough, ON",,On-site,Actively recruiting,2023-02-09,false,false,0,https://www.linkedin.com/jobs/view/3468596488/,https://www.linkedin.com/jobs/search/?currentJobId=3373350725&f_E=1%2C2%2C3&f_T=340&f_TPR=r604800&geoId=101174742&keywords=data%20analyst&location=Canada&refresh=true&sortBy=R,Jobs,2023-02-10T18:31:58.821Z
https://www.linkedin.com/jobs/view/3475653920/,3475653920,Logistec Corporation,Business Intelligence (BI) Analyst.,https://media.licdn.com/dms/image/C4E0BAQGX2QbDvbnhCg/company-logo_100_100/0/1521031241157?e=1684368000&v=beta&t=mUyky-2zZZHY2RgVk27JZ8qxdlSmxwMbEjlxoRB2lH8,https://www.linkedin.com/company/104913/,"Montreal, QC",,On-site,Your profile matches this job,2023-02-08,false,false,0,https://www.linkedin.com/jobs/view/3475653920/,https://www.linkedin.com/jobs/search/?currentJobId=3373350725&f_E=1%2C2%2C3&f_T=340&f_TPR=r604800&geoId=101174742&keywords=data%20analyst&location=Canada&refresh=true&sortBy=R,Jobs,2023-02-10T18:31:58.821Z
https://www.linkedin.com/jobs/view/3467353480/,3467353480,TekStaff IT Solutions,Data/Business Analyst,https://media.licdn.com/dms/image/C4D0BAQFA5o_K2s_jEw/company-logo_100_100/0/1519908409978?e=1684368000&v=beta&t=0HWxIWwCDXMspte9KwkHiDXEOfXYcUDgXqbb9RZiAbw,https://www.linkedin.com/company/517808/,"Toronto, ON",,On-site,Actively recruiting,2023-02-08,false,false,0,https://www.linkedin.com/jobs/view/3467353480/,https://www.linkedin.com/jobs/search/?currentJobId=3373350725&f_E=1%2C2%2C3&f_T=340&f_TPR=r604800&geoId=101174742&keywords=data%20analyst&location=Canada&refresh=true&sortBy=R,Jobs,2023-02-10T18:31:58.821Z
https://www.linkedin.com/jobs/view/3467849499/,3467849499,Centris,Analyste de données en intelligence d'affaires,https://media.licdn.com/dms/image/C4D0BAQFw69gKrHNmdg/company-logo_100_100/0/1581951665399?e=1684368000&v=beta&t=IAEOilEoxh5ZdgAPM8EhTmVposVbtaQNE-yMcwPkyec,https://www.linkedin.com/company/636823/,"Montreal, QC",,Hybrid,Actively recruiting,2023-02-08,true,false,0,https://www.linkedin.com/jobs/view/3467849499/,https://www.linkedin.com/jobs/search/?currentJobId=3373350725&f_E=1%2C2%2C3&f_T=340&f_TPR=r604800&geoId=101174742&keywords=data%20analyst&location=Canada&refresh=true&sortBy=R,Jobs,2023-02-10T18:31:58.821Z
https://www.linkedin.com/jobs/view/3477350572/,3477350572,International Air Transport Association (IATA),"Intern, Market & Consumer Insights",https://media.licdn.com/dms/image/C560BAQEZ7h6zwPR-wQ/company-logo_100_100/0/1548345076859?e=1684368000&v=beta&t=HoGE1TyBxM0FUWjkqSYyr9Jw2qnxuHNqCnTlGM9O0X8,https://www.linkedin.com/company/164256/,"Montreal, QC",,On-site,Actively recruiting,2023-02-09,false,false,0,https://www.linkedin.com/jobs/view/3477350572/,https://www.linkedin.com/jobs/search/?currentJobId=3373350725&f_E=1%2C2%2C3&f_T=340&f_TPR=r604800&geoId=101174742&keywords=data%20analyst&location=Canada&refresh=true&sortBy=R,Jobs,2023-02-10T18:32:03.701Z
https://www.linkedin.com/jobs/view/3476859274/,3476859274,Agoda,Analyst / Senior Analyst – Business Intelligence & Operations [Bangkok Based],https://media.licdn.com/dms/image/C4D0BAQGBa_7QNZNwpw/company-logo_100_100/0/1656643826125?e=1684368000&v=beta&t=yeYeGzoqExhdnhJeXt4QviS8U4-8fxfIfmfGr5aEhdo,https://www.linkedin.com/company/66719/,"Vancouver, BC",,,Actively recruiting,2023-02-10,false,false,0,https://www.linkedin.com/jobs/view/3476859274/,https://www.linkedin.com/jobs/search/?currentJobId=3373350725&f_E=1%2C2%2C3&f_T=340&f_TPR=r604800&geoId=101174742&keywords=data%20analyst&location=Canada&refresh=true&sortBy=R,Jobs,2023-02-10T18:32:03.702Z
https://www.linkedin.com/jobs/view/3471588709/,3471588709,Nunavik Regional Board of Health and Social Services,Time To Re Build with Analyste De Donnees Enquetes De Sante at Régie Régionale de la Santé et des Services Sociaux du Nunavik Now Hiring,https://media.licdn.com/dms/image/C4E0BAQFe6Y3PwLDnaw/company-logo_100_100/0/1519887426210?e=1684368000&v=beta&t=M7JDQRVt66ey-VFycx3KfHQXQRoNpLJkxkh4UOoZXsE,https://www.linkedin.com/company/18250952/,"Toronto, ON",,On-site,,2023-02-10,false,false,0,https://www.linkedin.com/jobs/view/3471588709/,https://www.linkedin.com/jobs/search/?currentJobId=3373350725&f_E=1%2C2%2C3&f_T=340&f_TPR=r604800&geoId=101174742&keywords=data%20analyst&location=Canada&refresh=true&sortBy=R,Jobs,2023-02-10T18:32:03.702Z
https://www.linkedin.com/jobs/view/3476855925/,3476855925,Agoda,Analyst / Senior Analyst – Business Intelligence & Operations [Bangkok Based],https://media.licdn.com/dms/image/C4D0BAQGBa_7QNZNwpw/company-logo_100_100/0/1656643826125?e=1684368000&v=beta&t=yeYeGzoqExhdnhJeXt4QviS8U4-8fxfIfmfGr5aEhdo,https://www.linkedin.com/company/66719/,"Toronto, ON",,,Actively recruiting,2023-02-10,false,false,0,https://www.linkedin.com/jobs/view/3476855925/,https://www.linkedin.com/jobs/search/?currentJobId=3373350725&f_E=1%2C2%2C3&f_T=340&f_TPR=r604800&geoId=101174742&keywords=data%20analyst&location=Canada&refresh=true&sortBy=R,Jobs,2023-02-10T18:32:03.702Z
https://www.linkedin.com/jobs/view/3476852963/,3476852963,Agoda,Analyst / Senior Analyst – Business Intelligence & Operations [Bangkok Based],https://media.licdn.com/dms/image/C4D0BAQGBa_7QNZNwpw/company-logo_100_100/0/1656643826125?e=1684368000&v=beta&t=yeYeGzoqExhdnhJeXt4QviS8U4-8fxfIfmfGr5aEhdo,https://www.linkedin.com/company/66719/,"Greater Montreal, QC",,,Actively recruiting,2023-02-10,false,false,0,https://www.linkedin.com/jobs/view/3476852963/,https://www.linkedin.com/jobs/search/?currentJobId=3373350725&f_E=1%2C2%2C3&f_T=340&f_TPR=r604800&geoId=101174742&keywords=data%20analyst&location=Canada&refresh=true&sortBy=R,Jobs,2023-02-10T18:32:03.702Z
https://www.linkedin.com/jobs/view/3350782120/,3350782120,Irving Shipbuilding,Business Intelligence Specialist,https://media.licdn.com/dms/image/C4E0BAQEBhscR9gPu5Q/company-logo_100_100/0/1531146650037?e=1684368000&v=beta&t=SH2IMvKpu9Ioig3wxxr5_1aYRkHOGKrnpe8nLafJb0U,https://www.linkedin.com/company/439922/,"Halifax, NS",,On-site,,2023-02-07,false,false,0,https://www.linkedin.com/jobs/view/3350782120/,https://www.linkedin.com/jobs/search/?currentJobId=3373350725&f_E=1%2C2%2C3&f_T=340&f_TPR=r604800&geoId=101174742&keywords=data%20analyst&location=Canada&refresh=true&sortBy=R,Jobs,2023-02-10T18:32:03.702Z
https://www.linkedin.com/jobs/view/3470780429/,3470780429,"The TJX Companies, Inc.",Senior Consumer Insights Specialist 1,https://media.licdn.com/dms/image/C510BAQE7SDGvdGLlaw/company-logo_100_100/0/1519828643942?e=1684368000&v=beta&t=gNdKp0dJFXeqbLW17f23EORi_tgONrTuYT9t6iO5tPY,https://www.linkedin.com/company/5121/,"Mississauga, ON",,,Actively recruiting,2023-02-07,false,false,16,https://www.linkedin.com/jobs/view/3470780429/,https://www.linkedin.com/jobs/search/?currentJobId=3373350725&f_E=1%2C2%2C3&f_T=340&f_TPR=r604800&geoId=101174742&keywords=data%20analyst&location=Canada&refresh=true&sortBy=R,Jobs,2023-02-10T18:32:03.702Z
https://www.linkedin.com/jobs/view/3470501175/,3470501175,Canadian Tire Corporation,Data Scientist,https://media.licdn.com/dms/image/C4E0BAQEGdJ0AEAxBeA/company-logo_100_100/0/1649796288096?e=1684368000&v=beta&t=rpHTSSCtaBvig4DUDfARelmN1kckhdNQZVrH1KRLjPM,https://www.linkedin.com/company/162883/,"Toronto, ON",,On-site,Your profile matches this job,2023-02-10,false,false,0,https://www.linkedin.com/jobs/view/3470501175/,https://www.linkedin.com/jobs/search/?currentJobId=3373350725&f_E=1%2C2%2C3&f_T=340&f_TPR=r604800&geoId=101174742&keywords=data%20analyst&location=Canada&refresh=true&sortBy=R,Jobs,2023-02-10T18:32:03.702Z
https://www.linkedin.com/jobs/view/3475803425/,3475803425,CIUSSS du Centre-Ouest-de-l'Île-de-Montréal | CIUSSS West-Central Montreal,Analyste en informatique (Spécialiste en ingénierie des données),https://media.licdn.com/dms/image/C4E0BAQEAAvjtcfV2Gw/company-logo_100_100/0/1519905660935?e=1684368000&v=beta&t=rkTHJ1oBksByG5HzXW-xV5FvxIodPNe9rzQydpcrpEw,https://www.linkedin.com/company/10544232/,"Montreal, QC",,On-site,Actively recruiting,2023-02-09,false,false,2,https://www.linkedin.com/jobs/view/3475803425/,https://www.linkedin.com/jobs/search/?currentJobId=3373350725&f_E=1%2C2%2C3&f_T=340&f_TPR=r604800&geoId=101174742&keywords=data%20analyst&location=Canada&refresh=true&sortBy=R,Jobs,2023-02-10T18:32:03.702Z