jobUrl,jobId,companyName,companyUrl,jobTitle,logoUrl,location,workplaceType,insights,postDate,isEasyApply,isPromoted,applicantCount,url,query,category,timestamp,isRemote,data_analyst
https://www.linkedin.com/jobs/view/3284956902/,3284956902,Capital One,https://www.linkedin.com/company/1419/,"*New Grad* Associate, Data Analyst (Waterloo only)",https://media-exp1.licdn.com/dms/image/C560BAQF0OgQyRZ9yAA/company-logo_100_100/0/1635782717682?e=1672272000&v=beta&t=9BMS7-RJDoMA6C8UZFX05q2Pt5T9_1PbO5mHoMcYWmE,"Toronto, ON",,1 alum works here,2022-09-24,False,False,0,https://www.linkedin.com/jobs/view/3284956902/,https://www.linkedin.com/jobs/search/?currentJobId=3273544279&f_T=340&geoId=101174742&keywords=data%20analyst&location=Canada&refresh=true&sortBy=DD,Jobs,2022-09-24T18:46:11.213Z,,True
https://www.linkedin.com/jobs/view/3285576710/,3285576710,Triovest,https://www.linkedin.com/company/77134/,Data Analyst,https://media-exp1.licdn.com/dms/image/C560BAQFSaqU5k54FGg/company-logo_100_100/0/1662665203188?e=1672272000&v=beta&t=owV7lMGp83e4cOb5chfSf9hLE5lgjxBVbqJ4vlvdMOQ,"Toronto, ON",Hybrid,,,False,True,0,https://www.linkedin.com/jobs/view/3285576710/,https://www.linkedin.com/jobs/search/?currentJobId=3273544279&f_T=340&geoId=101174742&keywords=data%20analyst&location=Canada&refresh=true&sortBy=DD,Jobs,2022-09-24T18:46:11.214Z,,True
https://www.linkedin.com/jobs/view/3271168288/,3271168288,RBC,https://www.linkedin.com/company/1808/,Regulatory Data Analyst,https://media-exp1.licdn.com/dms/image/C560BAQHlwHPAGX2PKw/company-logo_100_100/0/1656945846780?e=1672272000&v=beta&t=BLiXHvbqo7JLeRoYZi-2vuswMXOPcM9Ufgkmwvyenqo,"Halifax, NS",,2 connections work here,,False,True,0,https://www.linkedin.com/jobs/view/3271168288/,https://www.linkedin.com/jobs/search/?currentJobId=3273544279&f_T=340&geoId=101174742&keywords=data%20analyst&location=Canada&refresh=true&sortBy=DD,Jobs,2022-09-24T18:46:11.214Z,,True
https://www.linkedin.com/jobs/view/3250849031/,3250849031,TELUS International,https://www.linkedin.com/company/1258653/,Online Data Analyst,https://media-exp1.licdn.com/dms/image/C560BAQHAe-roNpTebg/company-logo_100_100/0/1657119739427?e=1672272000&v=beta&t=6NsjAosvT2KoWtKlSxBKJt23LzubmeTLkMUCTzKIxyA,"Ottawa, ON",Remote,1 alum works here,,False,True,0,https://www.linkedin.com/jobs/view/3250849031/,https://www.linkedin.com/jobs/search/?currentJobId=3273544279&f_T=340&geoId=101174742&keywords=data%20analyst&location=Canada&refresh=true&sortBy=DD,Jobs,2022-09-24T18:46:11.214Z,True,True
https://www.linkedin.com/jobs/view/3274281728/,3274281728,Rocky Mountaineer,https://www.linkedin.com/company/23619/,HRIS and People Data Analyst,https://media-exp1.licdn.com/dms/image/C560BAQFYjcnBhZBfxg/company-logo_100_100/0/1519856450316?e=1672272000&v=beta&t=RJnfQ5EtdP1ET8otEh6j8LhvaJFyQF9cDjodpLV8F7o,"Vancouver, BC",Hybrid,Actively recruiting,,False,True,19,https://www.linkedin.com/jobs/view/3274281728/,https://www.linkedin.com/jobs/search/?currentJobId=3273544279&f_T=340&geoId=101174742&keywords=data%20analyst&location=Canada&refresh=true&sortBy=DD,Jobs,2022-09-24T18:46:11.214Z,,True
https://www.linkedin.com/jobs/view/3266820955/,3266820955,CGI,https://www.linkedin.com/company/1415/,SOC-Data Analyst-Winter 2023 Co op,https://media-exp1.licdn.com/dms/image/C4E0BAQErzXWSFkn9tQ/company-logo_100_100/0/1663664110409?e=1672272000&v=beta&t=QLtZKz_BoFpFcnQ7rzU6A-S776lzS9yz6YIB-r1DMgI,"Ottawa, ON",On-site,1 connection works here,,False,True,0,https://www.linkedin.com/jobs/view/3266820955/,https://www.linkedin.com/jobs/search/?currentJobId=3273544279&f_T=340&geoId=101174742&keywords=data%20analyst&location=Canada&refresh=true&sortBy=DD,Jobs,2022-09-24T18:46:11.214Z,,True
https://www.linkedin.com/jobs/view/3254991843/,3254991843,Moneris,https://www.linkedin.com/company/165027/,Compensation Data Analyst (Hybrid),https://media-exp1.licdn.com/dms/image/C560BAQGzUmyaNPMBng/company-logo_100_100/0/1657553232281?e=1672272000&v=beta&t=vrYm4i6lnxqgI2mzN96NVxtbgVkGXbREtE_k7bJBgkI,"Toronto, ON",Hybrid,Actively recruiting,,False,True,0,https://www.linkedin.com/jobs/view/3254991843/,https://www.linkedin.com/jobs/search/?currentJobId=3273544279&f_T=340&geoId=101174742&keywords=data%20analyst&location=Canada&refresh=true&sortBy=DD,Jobs,2022-09-24T18:46:11.214Z,,True
https://www.linkedin.com/jobs/view/3273593197/,3273593197,Metrolinx,https://www.linkedin.com/company/274461/,Track Maintenance Data Analyst,https://media-exp1.licdn.com/dms/image/C560BAQHg-l1B31t9Kg/company-logo_100_100/0/1660755561887?e=1672272000&v=beta&t=mpvPkO6DLdFjAPgfW_Q5gxM8UtBhKkigao4MrdhONo0,"Ontario, Canada",Hybrid,Top applicant,,False,True,0,https://www.linkedin.com/jobs/view/3273593197/,https://www.linkedin.com/jobs/search/?currentJobId=3273544279&f_T=340&geoId=101174742&keywords=data%20analyst&location=Canada&refresh=true&sortBy=DD,Jobs,2022-09-24T18:46:11.214Z,,True
https://www.linkedin.com/jobs/view/3272673834/,3272673834,Felix Health,https://www.linkedin.com/company/14068682/,Data Analyst (Growth),https://media-exp1.licdn.com/dms/image/C4E0BAQFFKur2-3ZFfw/company-logo_100_100/0/1635959735851?e=1672272000&v=beta&t=Ns2-QzU4R7hJMOFzf6p17fD_3j2Ax63EQDdY6TVy3JI,"Toronto, ON",Remote,,,False,True,0,https://www.linkedin.com/jobs/view/3272673834/,https://www.linkedin.com/jobs/search/?currentJobId=3273544279&f_T=340&geoId=101174742&keywords=data%20analyst&location=Canada&refresh=true&sortBy=DD,Jobs,2022-09-24T18:46:11.214Z,True,True
https://www.linkedin.com/jobs/view/3272687650/,3272687650,TELUS International,https://www.linkedin.com/company/1258653/,Online Data Analyst,https://media-exp1.licdn.com/dms/image/C560BAQHAe-roNpTebg/company-logo_100_100/0/1657119739427?e=1672272000&v=beta&t=6NsjAosvT2KoWtKlSxBKJt23LzubmeTLkMUCTzKIxyA,"New Brunswick, Canada",Remote,1 alum works here,,False,True,0,https://www.linkedin.com/jobs/view/3272687650/,https://www.linkedin.com/jobs/search/?currentJobId=3273544279&f_T=340&geoId=101174742&keywords=data%20analyst&location=Canada&refresh=true&sortBy=DD,Jobs,2022-09-24T18:46:17.510Z,True,True
https://www.linkedin.com/jobs/view/3280011640/,3280011640,Hydro Ottawa,https://www.linkedin.com/company/38889/,Data Analyst,https://media-exp1.licdn.com/dms/image/C4E0BAQFoCljg8V7K2A/company-logo_100_100/0/1625224181927?e=1672272000&v=beta&t=_738jMLtaACK9TAmuTRfZyZybE8apuqgjc4uJ56Nl7g,"Ottawa, ON",Hybrid,,,False,True,0,https://www.linkedin.com/jobs/view/3280011640/,https://www.linkedin.com/jobs/search/?currentJobId=3273544279&f_T=340&geoId=101174742&keywords=data%20analyst&location=Canada&refresh=true&sortBy=DD,Jobs,2022-09-24T18:46:17.510Z,,True
https://www.linkedin.com/jobs/view/3281597953/,3281597953,Affinity,https://www.linkedin.com/company/4822810/,Data Analyst - Power BI Dashboard Developer,https://media-exp1.licdn.com/dms/image/C560BAQH4ZXu2bW-FHw/company-logo_100_100/0/1656700989051?e=1672272000&v=beta&t=bHxrRrDHNnVUS4m_4gs3n9SnvMwyAuJ1RAJU4rMDvMs,"Surrey, BC",,Top applicant,,False,True,0,https://www.linkedin.com/jobs/view/3281597953/,https://www.linkedin.com/jobs/search/?currentJobId=3273544279&f_T=340&geoId=101174742&keywords=data%20analyst&location=Canada&refresh=true&sortBy=DD,Jobs,2022-09-24T18:46:17.510Z,,True
https://www.linkedin.com/jobs/view/3283954601/,3283954601,Agoda,https://www.linkedin.com/company/66719/,"Data Analyst(Bangkok Based, relocation provided)",https://media-exp1.licdn.com/dms/image/C4D0BAQGBa_7QNZNwpw/company-logo_100_100/0/1656643826125?e=1672272000&v=beta&t=J2o2n80lHe_jt5BWKl4h0AUanAhVD3_JOZRwidBImqk,"Toronto, ON",Hybrid,Actively recruiting,,False,True,4,https://www.linkedin.com/jobs/view/3283954601/,https://www.linkedin.com/jobs/search/?currentJobId=3273544279&f_T=340&geoId=101174742&keywords=data%20analyst&location=Canada&refresh=true&sortBy=DD,Jobs,2022-09-24T18:46:17.510Z,,True
https://www.linkedin.com/jobs/view/3278700062/,3278700062,Sun Life,https://www.linkedin.com/company/4075/,Data Analyst,https://media-exp1.licdn.com/dms/image/C560BAQFR01qScqQDiA/company-logo_100_100/0/1656961114200?e=1672272000&v=beta&t=rtDf3fpEcjU-oS01op54O5B3KWXtlTFewzFtjRmuwVA,"Toronto, ON",Hybrid,Top applicant,,False,True,0,https://www.linkedin.com/jobs/view/3278700062/,https://www.linkedin.com/jobs/search/?currentJobId=3273544279&f_T=340&geoId=101174742&keywords=data%20analyst&location=Canada&refresh=true&sortBy=DD,Jobs,2022-09-24T18:46:17.511Z,,True
https://www.linkedin.com/jobs/view/3266788415/,3266788415,City of Mississauga,https://www.linkedin.com/company/20259/,Library Data Analyst,https://media-exp1.licdn.com/dms/image/C560BAQEZrgdk8IEiQA/company-logo_100_100/0/1656948594190?e=1672272000&v=beta&t=BYo6CbfGfi5KjBpGB92hEgREGYwm-n-06UjDvzMF8vE,"Mississauga, ON",,,,False,True,0,https://www.linkedin.com/jobs/view/3266788415/,https://www.linkedin.com/jobs/search/?currentJobId=3273544279&f_T=340&geoId=101174742&keywords=data%20analyst&location=Canada&refresh=true&sortBy=DD,Jobs,2022-09-24T18:46:17.511Z,,True
https://www.linkedin.com/jobs/view/3281500043/,3281500043,Amica Senior Lifestyles,https://www.linkedin.com/company/721227/,"Data Analyst, Business Intelligence",https://media-exp1.licdn.com/dms/image/C4D0BAQH7DPGcq9CgYw/company-logo_100_100/0/1633469695266?e=1672272000&v=beta&t=MKZFImNoBbZFUTxq4CHSJ2Agdsko7uKHSxANDyN_RVM,"Toronto, ON",On-site,,,False,True,0,https://www.linkedin.com/jobs/view/3281500043/,https://www.linkedin.com/jobs/search/?currentJobId=3273544279&f_T=340&geoId=101174742&keywords=data%20analyst&location=Canada&refresh=true&sortBy=DD,Jobs,2022-09-24T18:46:17.511Z,,True
https://www.linkedin.com/jobs/view/3284371091/,3284371091,GEOTAB,https://www.linkedin.com/company/102661/,Data Analyst,https://media-exp1.licdn.com/dms/image/C560BAQHpAVLnc5DM5w/company-logo_100_100/0/1657205666999?e=1672272000&v=beta&t=seL_KdoWFjw5uzeP6AADbUVNnV8BldHwbsydYpcNl0o,"Oakville, ON",,1 alum works here,,False,True,0,https://www.linkedin.com/jobs/view/3284371091/,https://www.linkedin.com/jobs/search/?currentJobId=3273544279&f_T=340&geoId=101174742&keywords=data%20analyst&location=Canada&refresh=true&sortBy=DD,Jobs,2022-09-24T18:46:17.511Z,,True
https://www.linkedin.com/jobs/view/3285377717/,3285377717,Applicantz,https://www.linkedin.com/company/24629/,Marketing Data Analyst,https://media-exp1.licdn.com/dms/image/C4E0BAQFylbfs5CK2fg/company-logo_100_100/0/1549476453922?e=1672272000&v=beta&t=jKxzQXWa9CAgCggzSx31kYK3CwYL_YE4JluNaNoEEXY,Canada,Remote,Actively recruiting,,True,True,0,https://www.linkedin.com/jobs/view/3285377717/,https://www.linkedin.com/jobs/search/?currentJobId=3273544279&f_T=340&geoId=101174742&keywords=data%20analyst&location=Canada&refresh=true&sortBy=DD,Jobs,2022-09-24T18:46:17.511Z,True,True
https://www.linkedin.com/jobs/view/3283911231/,3283911231,Empire Life,https://www.linkedin.com/company/1356397/,Data Analyst,https://media-exp1.licdn.com/dms/image/C4E0BAQFqU5nFGI62-Q/company-logo_100_100/0/1519901625980?e=1672272000&v=beta&t=HRjphC_IfSqSgQP5gnyLb44FSNVTGnXQNY2rioE7PnQ,Canada,Remote,Actively recruiting,,True,True,0,https://www.linkedin.com/jobs/view/3283911231/,https://www.linkedin.com/jobs/search/?currentJobId=3273544279&f_T=340&geoId=101174742&keywords=data%20analyst&location=Canada&refresh=true&sortBy=DD,Jobs,2022-09-24T18:46:17.511Z,True,True
https://www.linkedin.com/jobs/view/3285599728/,3285599728,Bell,https://www.linkedin.com/company/1531/,"Associate, Data Analyst",https://media-exp1.licdn.com/dms/image/C560BAQEOyCiCnSmPXQ/company-logo_100_100/0/1656950292878?e=1672272000&v=beta&t=aJce0BGmB0eCkvz3ez5xK-B3lxWg8M8uSwJykxt7wvg,"Toronto, ON",,1 connection works here,,False,True,0,https://www.linkedin.com/jobs/view/3285599728/,https://www.linkedin.com/jobs/search/?currentJobId=3273544279&f_T=340&geoId=101174742&keywords=data%20analyst&location=Canada&refresh=true&sortBy=DD,Jobs,2022-09-24T18:46:17.511Z,,True
https://www.linkedin.com/jobs/view/3265108387/,3265108387,University of Toronto,https://www.linkedin.com/company/3660/,"Data Analyst, IDT & Strategic Planning",https://media-exp1.licdn.com/dms/image/C4D0BAQHX-foiyEDxpw/company-logo_100_100/0/1639421285415?e=1672272000&v=beta&t=sln79rDp5pBEh-uUIw6vPzfOEEYkWtRoa5Saw-mAtdo,"Toronto, ON",Hybrid,2 connections work here,,False,True,0,https://www.linkedin.com/jobs/view/3265108387/,https://www.linkedin.com/jobs/search/?currentJobId=3273544279&f_T=340&geoId=101174742&keywords=data%20analyst&location=Canada&refresh=true&sortBy=DD,Jobs,2022-09-24T18:46:23.787Z,,True
https://www.linkedin.com/jobs/view/3258024571/,3258024571,Siemens Gamesa,https://www.linkedin.com/company/11455/,Operational Excellence Data Analyst,https://media-exp1.licdn.com/dms/image/C560BAQFasPPJMLwOCw/company-logo_100_100/0/1656668055895?e=1672272000&v=beta&t=XD0ZJvIzejuVw4nOc8ApuA54GVV5B7SIhxrRBti_Jog,"Oakville, ON",,1 alum works here,,False,True,0,https://www.linkedin.com/jobs/view/3258024571/,https://www.linkedin.com/jobs/search/?currentJobId=3273544279&f_T=340&geoId=101174742&keywords=data%20analyst&location=Canada&refresh=true&sortBy=DD,Jobs,2022-09-24T18:46:23.787Z,,True
https://www.linkedin.com/jobs/view/3114847588/,3114847588,Electronic Arts (EA),https://www.linkedin.com/company/1449/,Sr. Data Analyst,https://media-exp1.licdn.com/dms/image/C4D0BAQFbKWw79sJOaQ/company-logo_100_100/0/1631741855112?e=1672272000&v=beta&t=WxNKamXlpoPyrW2ZMk-C-0wNgn6vyDkJ7-DzX8eKiUQ,"Vancouver, BC",,Actively recruiting,2022-09-24,False,False,0,https://www.linkedin.com/jobs/view/3114847588/,https://www.linkedin.com/jobs/search/?currentJobId=3273544279&f_T=340&geoId=101174742&keywords=data%20analyst&location=Canada&refresh=true&sortBy=DD,Jobs,2022-09-24T18:46:23.788Z,,True
https://www.linkedin.com/jobs/view/3270572518/,3270572518,Tempo Software,https://www.linkedin.com/company/9311598/,Data Analyst,https://media-exp1.licdn.com/dms/image/C4E0BAQHDsmaiF73ckA/company-logo_100_100/0/1641386118619?e=1672272000&v=beta&t=fgJk10lsrtxs7teIYSXUaV-04NpVgILLhsJIYJlssRc,Canada,Remote,,,False,True,0,https://www.linkedin.com/jobs/view/3270572518/,https://www.linkedin.com/jobs/search/?currentJobId=3273544279&f_T=340&geoId=101174742&keywords=data%20analyst&location=Canada&refresh=true&sortBy=DD,Jobs,2022-09-24T18:46:23.788Z,True,True
https://www.linkedin.com/jobs/view/3273544279/,3273544279,Co-operators,https://www.linkedin.com/company/15510/,Data Analyst - Web Analytics,https://media-exp1.licdn.com/dms/image/C560BAQGvTOpORPdyDw/company-logo_100_100/0/1657121733085?e=1672272000&v=beta&t=s6IoQJWsZujhDscAOckfrLUyc56FDfI0a87zI5gIpy8,"Toronto, ON",Hybrid,Top applicant,,False,True,0,https://www.linkedin.com/jobs/view/3273544279/,https://www.linkedin.com/jobs/search/?currentJobId=3273544279&f_T=340&geoId=101174742&keywords=data%20analyst&location=Canada&refresh=true&sortBy=DD,Jobs,2022-09-24T18:46:23.788Z,,True
https://www.linkedin.com/jobs/view/3272474942/,3272474942,theScore,https://www.linkedin.com/company/2812971/,Data Analyst - Marketing,https://media-exp1.licdn.com/dms/image/C560BAQGspR7FknNhjQ/company-logo_100_100/0/1656630800774?e=1672272000&v=beta&t=VL0KtP7Tk-fchLyOKFzysfjFumUGGAcFmtv0SYm3Gn0,Canada,Remote,Actively recruiting,,False,True,0,https://www.linkedin.com/jobs/view/3272474942/,https://www.linkedin.com/jobs/search/?currentJobId=3273544279&f_T=340&geoId=101174742&keywords=data%20analyst&location=Canada&refresh=true&sortBy=DD,Jobs,2022-09-24T18:46:23.788Z,True,True
https://www.linkedin.com/jobs/view/3275635545/,3275635545,Johnson & Johnson,https://www.linkedin.com/company/1207/,Logistics Data Analyst 2023 Co op (8-month Contract),https://media-exp1.licdn.com/dms/image/C4D0BAQFwn8CHaum_AA/company-logo_100_100/0/1519856123566?e=1672272000&v=beta&t=-3H65U3GM2s5yXC84SIQmigS6ocyWAQp1Wbx_vbfDkQ,"Markham, ON",On-site,Actively recruiting,,False,True,0,https://www.linkedin.com/jobs/view/3275635545/,https://www.linkedin.com/jobs/search/?currentJobId=3273544279&f_T=340&geoId=101174742&keywords=data%20analyst&location=Canada&refresh=true&sortBy=DD,Jobs,2022-09-24T18:46:23.788Z,,True
https://www.linkedin.com/jobs/view/3243893350/,3243893350,Intuit,https://www.linkedin.com/company/1666/,Staff Business Data Analyst,https://media-exp1.licdn.com/dms/image/C560BAQFTpF8uneqScw/company-logo_100_100/0/1661446145933?e=1672272000&v=beta&t=i5o3NGQF4EksoVnMHTnk7Dhf0ubA5omn6s0DIzCeSGs,"Toronto, ON",On-site,Actively recruiting,2022-09-24,False,False,0,https://www.linkedin.com/jobs/view/3243893350/,https://www.linkedin.com/jobs/search/?currentJobId=3273544279&f_T=340&geoId=101174742&keywords=data%20analyst&location=Canada&refresh=true&sortBy=DD,Jobs,2022-09-24T18:46:23.789Z,,True
https://www.linkedin.com/jobs/view/3254922091/,3254922091,Capital One,https://www.linkedin.com/company/1419/,"*New Grad* Associate, Data Analyst - Fall 2022",https://media-exp1.licdn.com/dms/image/C560BAQF0OgQyRZ9yAA/company-logo_100_100/0/1635782717682?e=1672272000&v=beta&t=9BMS7-RJDoMA6C8UZFX05q2Pt5T9_1PbO5mHoMcYWmE,"Toronto, ON",,1 alum works here,,False,True,0,https://www.linkedin.com/jobs/view/3254922091/,https://www.linkedin.com/jobs/search/?currentJobId=3273544279&f_T=340&geoId=101174742&keywords=data%20analyst&location=Canada&refresh=true&sortBy=DD,Jobs,2022-09-24T18:46:23.789Z,,True
https://www.linkedin.com/jobs/view/3266763310/,3266763310,TD SYNNEX,https://www.linkedin.com/company/74956728/,Data Analyst/Financial Analyst,https://media-exp1.licdn.com/dms/image/C560BAQGvVvFcBHUcEQ/company-logo_100_100/0/1637163146077?e=1672272000&v=beta&t=sRu2PnE05lXg0_hXNEXX5ucgBaAL0DMZYt4EtQ-MdI4,"Toronto, ON",,Top applicant,,False,True,0,https://www.linkedin.com/jobs/view/3266763310/,https://www.linkedin.com/jobs/search/?currentJobId=3273544279&f_T=340&geoId=101174742&keywords=data%20analyst&location=Canada&refresh=true&sortBy=DD,Jobs,2022-09-24T18:46:23.789Z,,True
https://www.linkedin.com/jobs/view/3272688542/,3272688542,TELUS International,https://www.linkedin.com/company/1258653/,Online Data Analyst,https://media-exp1.licdn.com/dms/image/C560BAQHAe-roNpTebg/company-logo_100_100/0/1657119739427?e=1672272000&v=beta&t=6NsjAosvT2KoWtKlSxBKJt23LzubmeTLkMUCTzKIxyA,"Montreal, QC",Remote,1 alum works here,,False,True,0,https://www.linkedin.com/jobs/view/3272688542/,https://www.linkedin.com/jobs/search/?currentJobId=3273544279&f_T=340&geoId=101174742&keywords=data%20analyst&location=Canada&refresh=true&sortBy=DD,Jobs,2022-09-24T18:46:23.789Z,True,True
https://www.linkedin.com/jobs/view/3258569825/,3258569825,Xylem,https://www.linkedin.com/company/2372885/,Data Analyst (Hybrid),https://media-exp1.licdn.com/dms/image/C510BAQGj5Q4q8PX2JQ/company-logo_100_100/0/1519911528231?e=1672272000&v=beta&t=XXkPpZL_4X2n5ufp6_tPUmuIRi3bJhsv13vfj79rgPg,"Edmonton, AB",On-site,Top applicant,,False,True,0,https://www.linkedin.com/jobs/view/3258569825/,https://www.linkedin.com/jobs/search/?currentJobId=3273544279&f_T=340&geoId=101174742&keywords=data%20analyst&location=Canada&refresh=true&sortBy=DD,Jobs,2022-09-24T18:46:23.789Z,,True
https://www.linkedin.com/jobs/view/3272686858/,3272686858,TELUS International,https://www.linkedin.com/company/1258653/,Online Data Analyst,https://media-exp1.licdn.com/dms/image/C560BAQHAe-roNpTebg/company-logo_100_100/0/1657119739427?e=1672272000&v=beta&t=6NsjAosvT2KoWtKlSxBKJt23LzubmeTLkMUCTzKIxyA,"Ontario, Canada",Remote,1 alum works here,,False,True,0,https://www.linkedin.com/jobs/view/3272686858/,https://www.linkedin.com/jobs/search/?currentJobId=3273544279&f_T=340&geoId=101174742&keywords=data%20analyst&location=Canada&refresh=true&sortBy=DD,Jobs,2022-09-24T18:46:23.790Z,True,True
https://www.linkedin.com/jobs/view/3277189082/,3277189082,Crossover for Work,https://www.linkedin.com/company/9308035/,"Data Analyst, Trilogy (Remote) - $100,000/year USD",https://media-exp1.licdn.com/dms/image/C4E0BAQG8bdX5sQ24KQ/company-logo_100_100/0/1620025336126?e=1672272000&v=beta&t=wZtwvoY71lP9YOi6bBqX-jt0CigHvFrBGyhkosfeF8w,"Saskatchewan, Canada",Remote,Actively recruiting,,True,True,0,https://www.linkedin.com/jobs/view/3277189082/,https://www.linkedin.com/jobs/search/?currentJobId=3273544279&f_T=340&geoId=101174742&keywords=data%20analyst&location=Canada&refresh=true&sortBy=DD,Jobs,2022-09-24T18:46:23.790Z,True,True
https://www.linkedin.com/jobs/view/3278075980/,3278075980,Cognizant,https://www.linkedin.com/company/1680/,Sr. Data Analyst,https://media-exp1.licdn.com/dms/image/C560BAQHRO9T5YA3ouQ/company-logo_100_100/0/1657037248681?e=1672272000&v=beta&t=JJ4wfJb8c__rGiqfFC9rhRP1hL8RfgWGNMCNGKrzAU4,"Toronto, ON",On-site,1 connection works here,,False,True,0,https://www.linkedin.com/jobs/view/3278075980/,https://www.linkedin.com/jobs/search/?currentJobId=3273544279&f_T=340&geoId=101174742&keywords=data%20analyst&location=Canada&refresh=true&sortBy=DD,Jobs,2022-09-24T18:46:23.790Z,,True
https://www.linkedin.com/jobs/view/3269504772/,3269504772,CBC/Radio-Canada,https://www.linkedin.com/company/4387/,"Senior Data Analyst, Audience Activation (English Services)",https://media-exp1.licdn.com/dms/image/C4E0BAQFiNwFtGzG6lg/company-logo_100_100/0/1650558889603?e=1672272000&v=beta&t=iSZnypDzHCTONE_I9ODII0ItaUlTrFgepdv7QlgEc68,"Toronto, ON",On-site,Actively recruiting,,False,True,0,https://www.linkedin.com/jobs/view/3269504772/,https://www.linkedin.com/jobs/search/?currentJobId=3273544279&f_T=340&geoId=101174742&keywords=data%20analyst&location=Canada&refresh=true&sortBy=DD,Jobs,2022-09-24T18:46:23.790Z,,True
https://www.linkedin.com/jobs/view/3254188031/,3254188031,BURNCO Rock Products Ltd,https://www.linkedin.com/company/18553707/,Safety Data Analyst & Technical Writer,https://media-exp1.licdn.com/dms/image/C560BAQFrK-BlH0hRdA/company-logo_100_100/0/1521828805330?e=1672272000&v=beta&t=Im8MimC9YGKhWCFGq-9e17BbI4DX3YgnHgJbBQmjKnk,"Calgary, AB",On-site,Top applicant,,False,True,0,https://www.linkedin.com/jobs/view/3254188031/,https://www.linkedin.com/jobs/search/?currentJobId=3273544279&f_T=340&geoId=101174742&keywords=data%20analyst&location=Canada&refresh=true&sortBy=DD,Jobs,2022-09-24T18:46:29.300Z,,True
https://www.linkedin.com/jobs/view/3147695955/,3147695955,Bayshore HealthCare,https://www.linkedin.com/company/51062/,Health Data Analyst,https://media-exp1.licdn.com/dms/image/C4E0BAQEAo1iINPj05A/company-logo_100_100/0/1519856822158?e=1672272000&v=beta&t=hO94lEWtstniBiPNo_-a1h9iE6lhtt35X9juPYNj3ss,"Markham, ON",,1 alum works here,,False,True,0,https://www.linkedin.com/jobs/view/3147695955/,https://www.linkedin.com/jobs/search/?currentJobId=3273544279&f_T=340&geoId=101174742&keywords=data%20analyst&location=Canada&refresh=true&sortBy=DD,Jobs,2022-09-24T18:46:29.301Z,,True
https://www.linkedin.com/jobs/view/3274502963/,3274502963,Veeva Systems,https://www.linkedin.com/company/402048/,Data Analyst,https://media-exp1.licdn.com/dms/image/C4E0BAQHW29Wyz9Q11w/company-logo_100_100/0/1519893549814?e=1672272000&v=beta&t=mMnU0-ofNECqtPFSjj6vwkiHXOvW-hejv08iW1W7CWY,"Toronto, ON",,Actively recruiting,,False,True,0,https://www.linkedin.com/jobs/view/3274502963/,https://www.linkedin.com/jobs/search/?currentJobId=3273544279&f_T=340&geoId=101174742&keywords=data%20analyst&location=Canada&refresh=true&sortBy=DD,Jobs,2022-09-24T18:46:29.301Z,,True
https://www.linkedin.com/jobs/view/3250819255/,3250819255,CHEP,https://www.linkedin.com/company/5085/,"Data Analyst - Mississauga, ON (Hybrid Remote)",https://media-exp1.licdn.com/dms/image/C560BAQFF-V3-kMA-jQ/company-logo_100_100/0/1519856402308?e=1672272000&v=beta&t=TDrcjBbNf1cjDmIa7LzJ2renQoEg-bE5MfsT6tZXNe4,"Mississauga, ON",Hybrid,Actively recruiting,,False,True,0,https://www.linkedin.com/jobs/view/3250819255/,https://www.linkedin.com/jobs/search/?currentJobId=3273544279&f_T=340&geoId=101174742&keywords=data%20analyst&location=Canada&refresh=true&sortBy=DD,Jobs,2022-09-24T18:46:29.301Z,,True
https://www.linkedin.com/jobs/view/2960064652/,2960064652,F5,https://www.linkedin.com/company/4841/,Data Analyst / Fraud/ Subject Matter Expert,https://media-exp1.licdn.com/dms/image/C4D0BAQGNf9LDytWnoA/company-logo_100_100/0/1519856507374?e=1672272000&v=beta&t=7swwv3OTY_duJKcGLxFY71xaLP2tioPmFlVWRc34vG8,"Calgary, AB",Remote,Actively recruiting,,False,True,0,https://www.linkedin.com/jobs/view/2960064652/,https://www.linkedin.com/jobs/search/?currentJobId=3273544279&f_T=340&geoId=101174742&keywords=data%20analyst&location=Canada&refresh=true&sortBy=DD,Jobs,2022-09-24T18:46:29.301Z,True,True
https://www.linkedin.com/jobs/view/3250841723/,3250841723,TELUS International,https://www.linkedin.com/company/1258653/,Online Data Analyst,https://media-exp1.licdn.com/dms/image/C560BAQHAe-roNpTebg/company-logo_100_100/0/1657119739427?e=1672272000&v=beta&t=6NsjAosvT2KoWtKlSxBKJt23LzubmeTLkMUCTzKIxyA,"Toronto, ON",Remote,1 alum works here,,False,True,0,https://www.linkedin.com/jobs/view/3250841723/,https://www.linkedin.com/jobs/search/?currentJobId=3273544279&f_T=340&geoId=101174742&keywords=data%20analyst&location=Canada&refresh=true&sortBy=DD,Jobs,2022-09-24T18:46:29.301Z,True,True
https://www.linkedin.com/jobs/view/3284582454/,3284582454,Epsilon Solutions Ltd.,https://www.linkedin.com/company/7598320/,Sr Data analyst,https://media-exp1.licdn.com/dms/image/C510BAQHhJ2g0Q9Wd9A/company-logo_100_100/0/1575490287390?e=1672272000&v=beta&t=T-Fo6w3fgXDcUjs-7CD2Cp3j-kaYOYQ1wltyqY3B1qw,"Calgary, AB",,Actively recruiting,2022-09-24,False,False,0,https://www.linkedin.com/jobs/view/3284582454/,https://www.linkedin.com/jobs/search/?currentJobId=3273544279&f_T=340&geoId=101174742&keywords=data%20analyst&location=Canada&refresh=true&sortBy=DD,Jobs,2022-09-24T18:46:29.301Z,,True
https://www.linkedin.com/jobs/view/3277187629/,3277187629,Crossover for Work,https://www.linkedin.com/company/9308035/,"Data Analyst, Trilogy (Remote) - $100,000/year USD",https://media-exp1.licdn.com/dms/image/C4E0BAQG8bdX5sQ24KQ/company-logo_100_100/0/1620025336126?e=1672272000&v=beta&t=wZtwvoY71lP9YOi6bBqX-jt0CigHvFrBGyhkosfeF8w,"Toronto, ON",Remote,Actively recruiting,,True,True,0,https://www.linkedin.com/jobs/view/3277187629/,https://www.linkedin.com/jobs/search/?currentJobId=3273544279&f_T=340&geoId=101174742&keywords=data%20analyst&location=Canada&refresh=true&sortBy=DD,Jobs,2022-09-24T18:46:29.301Z,True,True
https://www.linkedin.com/jobs/view/3278960612/,3278960612,Binance,https://www.linkedin.com/company/13336409/,Senior Data Analyst-Compliance,https://media-exp1.licdn.com/dms/image/C4E0BAQFvycHBCQEBCQ/company-logo_100_100/0/1659344221289?e=1672272000&v=beta&t=ASBh2heQ8VFGDnghifOA7UdMmnh8F6aeriD2wphHz_U,Canada,Remote,Actively recruiting,,True,True,0,https://www.linkedin.com/jobs/view/3278960612/,https://www.linkedin.com/jobs/search/?currentJobId=3273544279&f_T=340&geoId=101174742&keywords=data%20analyst&location=Canada&refresh=true&sortBy=DD,Jobs,2022-09-24T18:46:29.301Z,True,True
https://www.linkedin.com/jobs/view/3278057526/,3278057526,Yorkville University,https://www.linkedin.com/company/2378290/,"Manager, Data Analyst",https://media-exp1.licdn.com/dms/image/C560BAQFZWKc84SWK6g/company-logo_100_100/0/1656646931953?e=1672272000&v=beta&t=GKftDZVEvN1Go5C1E9SGK2m4pOuuuEklAxianOdSzso,"Toronto, ON",Hybrid,1 alum works here,,True,True,0,https://www.linkedin.com/jobs/view/3278057526/,https://www.linkedin.com/jobs/search/?currentJobId=3273544279&f_T=340&geoId=101174742&keywords=data%20analyst&location=Canada&refresh=true&sortBy=DD,Jobs,2022-09-24T18:46:29.301Z,,True
https://www.linkedin.com/jobs/view/3277185956/,3277185956,Crossover for Work,https://www.linkedin.com/company/9308035/,"Data Analyst, Trilogy (Remote) - $100,000/year USD",https://media-exp1.licdn.com/dms/image/C4E0BAQG8bdX5sQ24KQ/company-logo_100_100/0/1620025336126?e=1672272000&v=beta&t=wZtwvoY71lP9YOi6bBqX-jt0CigHvFrBGyhkosfeF8w,"Calgary, AB",Remote,Actively recruiting,,True,True,0,https://www.linkedin.com/jobs/view/3277185956/,https://www.linkedin.com/jobs/search/?currentJobId=3273544279&f_T=340&geoId=101174742&keywords=data%20analyst&location=Canada&refresh=true&sortBy=DD,Jobs,2022-09-24T18:46:29.301Z,True,True
https://www.linkedin.com/jobs/view/3267917479/,3267917479,Audette.io,https://www.linkedin.com/company/30585737/,Data Analyst,https://media-exp1.licdn.com/dms/image/C560BAQGj0_SEO_fIUQ/company-logo_100_100/0/1643920738200?e=1672272000&v=beta&t=4TPIy7woVHvx_bn7U_8sYimTtUNyJMAYvOzCt1cbs0w,Canada,Remote,,,False,True,0,https://www.linkedin.com/jobs/view/3267917479/,https://www.linkedin.com/jobs/search/?currentJobId=3273544279&f_T=340&geoId=101174742&keywords=data%20analyst&location=Canada&refresh=true&sortBy=DD,Jobs,2022-09-24T18:46:35.683Z,True,True
https://www.linkedin.com/jobs/view/3267393606/,3267393606,CDW,https://www.linkedin.com/company/3334/,Data Analyst – Product and Partner Management,https://media-exp1.licdn.com/dms/image/C560BAQGWkaaHlaz8pQ/company-logo_100_100/0/1519855858103?e=1672272000&v=beta&t=P49ciRw9OdY9NP6bqTYTKoSCzPazzOm39egWcmspS3E,"Toronto, ON",,Actively recruiting,,False,True,0,https://www.linkedin.com/jobs/view/3267393606/,https://www.linkedin.com/jobs/search/?currentJobId=3273544279&f_T=340&geoId=101174742&keywords=data%20analyst&location=Canada&refresh=true&sortBy=DD,Jobs,2022-09-24T18:46:35.684Z,,True
https://www.linkedin.com/jobs/view/3243256427/,3243256427,STEMCELL Technologies,https://www.linkedin.com/company/50320/,"Data Analyst, Operations",https://media-exp1.licdn.com/dms/image/C4E0BAQHZjGfXd8J0fQ/company-logo_100_100/0/1519856727152?e=1672272000&v=beta&t=GN93Hj7zz6AXFmLIaKyQwAA20JenYHEZc5Ma1PwPMd0,"Vancouver, BC",Hybrid,Top applicant,,False,True,0,https://www.linkedin.com/jobs/view/3243256427/,https://www.linkedin.com/jobs/search/?currentJobId=3273544279&f_T=340&geoId=101174742&keywords=data%20analyst&location=Canada&refresh=true&sortBy=DD,Jobs,2022-09-24T18:46:35.684Z,,True
https://www.linkedin.com/jobs/view/3274081562/,3274081562,Aritzia,https://www.linkedin.com/company/23840/,Data & Analytics - Senior Data Analyst,https://media-exp1.licdn.com/dms/image/C560BAQGNrxsJOe6Buw/company-logo_100_100/0/1562184819368?e=1672272000&v=beta&t=Vd7UzsSzLJzFs2h5w3EE_THBzho6O1NeynU-8GgBLPw,"Vancouver, BC",On-site,Top applicant,,False,True,0,https://www.linkedin.com/jobs/view/3274081562/,https://www.linkedin.com/jobs/search/?currentJobId=3273544279&f_T=340&geoId=101174742&keywords=data%20analyst&location=Canada&refresh=true&sortBy=DD,Jobs,2022-09-24T18:46:35.684Z,,True
https://www.linkedin.com/jobs/view/3258676694/,3258676694,Worley,https://www.linkedin.com/company/6677/,Senior Data Analyst,https://media-exp1.licdn.com/dms/image/C4D0BAQGTBMiiZajPTw/company-logo_100_100/0/1656629724913?e=1672272000&v=beta&t=-PqrvJRznyWTHrrKu0nUfj5MRW-8rkh20ckrizhaiJM,"Calgary, AB",On-site,1 alum works here,,False,True,0,https://www.linkedin.com/jobs/view/3258676694/,https://www.linkedin.com/jobs/search/?currentJobId=3273544279&f_T=340&geoId=101174742&keywords=data%20analyst&location=Canada&refresh=true&sortBy=DD,Jobs,2022-09-24T18:46:35.684Z,,True
https://www.linkedin.com/jobs/view/3257384535/,3257384535,Electronic Arts (EA),https://www.linkedin.com/company/1449/,Data Analyst,https://media-exp1.licdn.com/dms/image/C4D0BAQFbKWw79sJOaQ/company-logo_100_100/0/1631741855112?e=1672272000&v=beta&t=WxNKamXlpoPyrW2ZMk-C-0wNgn6vyDkJ7-DzX8eKiUQ,"Vancouver, BC",,Actively recruiting,,False,True,0,https://www.linkedin.com/jobs/view/3257384535/,https://www.linkedin.com/jobs/search/?currentJobId=3273544279&f_T=340&geoId=101174742&keywords=data%20analyst&location=Canada&refresh=true&sortBy=DD,Jobs,2022-09-24T18:46:35.684Z,,True
https://www.linkedin.com/jobs/view/3275646654/,3275646654,Avanciers,https://www.linkedin.com/company/11325362/,Data Analyst with GCP experience,https://media-exp1.licdn.com/dms/image/C4E0BAQEBvdCsLlDq1g/company-logo_100_100/0/1519902021462?e=1672272000&v=beta&t=xKS-CE0Jy1RRVfUKBnJXQ15D8cE--8gvYkzZl6O5iXc,Canada,Remote,Actively recruiting,,True,True,0,https://www.linkedin.com/jobs/view/3275646654/,https://www.linkedin.com/jobs/search/?currentJobId=3273544279&f_T=340&geoId=101174742&keywords=data%20analyst&location=Canada&refresh=true&sortBy=DD,Jobs,2022-09-24T18:46:35.684Z,True,True
https://www.linkedin.com/jobs/view/3240934015/,3240934015,Relay,https://www.linkedin.com/company/35632705/,"Data Analyst, Customer Operations",https://media-exp1.licdn.com/dms/image/C4E0BAQFcYyL4WsfrqA/company-logo_100_100/0/1661216732796?e=1672272000&v=beta&t=BHay5fmNHA3lg8AvjE2tqZpFpWY4ukN5fnB9T1vdBeU,"Toronto, ON",Hybrid,,,False,True,0,https://www.linkedin.com/jobs/view/3240934015/,https://www.linkedin.com/jobs/search/?currentJobId=3273544279&f_T=340&geoId=101174742&keywords=data%20analyst&location=Canada&refresh=true&sortBy=DD,Jobs,2022-09-24T18:46:35.684Z,,True
https://www.linkedin.com/jobs/view/3272665122/,3272665122,Apex Systems,https://www.linkedin.com/company/4787/,Data Analyst,https://media-exp1.licdn.com/dms/image/C560BAQGqw9dL4sPgrw/company-logo_100_100/0/1658240804854?e=1672272000&v=beta&t=s15GcccqkFWlBtmDAk0DjcXZgRDoSmazCZwHZx1g6Mc,"Mississauga, ON",Hybrid,Actively recruiting,,True,True,0,https://www.linkedin.com/jobs/view/3272665122/,https://www.linkedin.com/jobs/search/?currentJobId=3273544279&f_T=340&geoId=101174742&keywords=data%20analyst&location=Canada&refresh=true&sortBy=DD,Jobs,2022-09-24T18:46:35.684Z,,True
https://www.linkedin.com/jobs/view/3187076757/,3187076757,Ameresco,https://www.linkedin.com/company/39971/,Data Analyst,https://media-exp1.licdn.com/dms/image/C4E0BAQFJaNb2O5z0Lw/company-logo_100_100/0/1519856948115?e=1672272000&v=beta&t=aBsEqlvKggRa7exiHfAnLM-kSX5Lc9b7MAI5duZnpsM,"Calgary, AB",On-site,,,False,True,0,https://www.linkedin.com/jobs/view/3187076757/,https://www.linkedin.com/jobs/search/?currentJobId=3273544279&f_T=340&geoId=101174742&keywords=data%20analyst&location=Canada&refresh=true&sortBy=DD,Jobs,2022-09-24T18:46:35.684Z,,True
https://www.linkedin.com/jobs/view/2960068068/,2960068068,F5,https://www.linkedin.com/company/4841/,Data Analyst / Fraud/ Subject Matter Expert,https://media-exp1.licdn.com/dms/image/C4D0BAQGNf9LDytWnoA/company-logo_100_100/0/1519856507374?e=1672272000&v=beta&t=7swwv3OTY_duJKcGLxFY71xaLP2tioPmFlVWRc34vG8,"Ottawa, ON",Remote,Actively recruiting,,False,True,0,https://www.linkedin.com/jobs/view/2960068068/,https://www.linkedin.com/jobs/search/?currentJobId=3273544279&f_T=340&geoId=101174742&keywords=data%20analyst&location=Canada&refresh=true&sortBy=DD,Jobs,2022-09-24T18:46:35.684Z,True,True
https://www.linkedin.com/jobs/view/3254190398/,3254190398,Article,https://www.linkedin.com/company/7950401/,Data Analyst (eCommerce),https://media-exp1.licdn.com/dms/image/C4E0BAQFG2s55r5MsFQ/company-logo_100_100/0/1519879593928?e=1672272000&v=beta&t=z3lw2lHlHyGSsK1W6dyM0nBwLSK5ot68zF4mLSDSnfE,"Vancouver, BC",Hybrid,Actively recruiting,,False,True,0,https://www.linkedin.com/jobs/view/3254190398/,https://www.linkedin.com/jobs/search/?currentJobId=3273544279&f_T=340&geoId=101174742&keywords=data%20analyst&location=Canada&refresh=true&sortBy=DD,Jobs,2022-09-24T18:46:35.684Z,,True
https://www.linkedin.com/jobs/view/3260158286/,3260158286,Desjardins,https://www.linkedin.com/company/6331/,Data Analyst,https://media-exp1.licdn.com/dms/image/C4E0BAQH5KfRGKSB7eg/company-logo_100_100/0/1662432419993?e=1672272000&v=beta&t=a8Ki3NW-D1_X_vO00sN8SZT8WEvzJlQVkebSpRVJXHM,"Lévis, QC",Hybrid,1 alum works here,,False,True,0,https://www.linkedin.com/jobs/view/3260158286/,https://www.linkedin.com/jobs/search/?currentJobId=3273544279&f_T=340&geoId=101174742&keywords=data%20analyst&location=Canada&refresh=true&sortBy=DD,Jobs,2022-09-24T18:46:41.986Z,,True
https://www.linkedin.com/jobs/view/3285864082/,3285864082,Teleperformance,https://www.linkedin.com/company/5211/,Data Analyst- Sales Operations,https://media-exp1.licdn.com/dms/image/C4E0BAQGDbKEIVGCGog/company-logo_100_100/0/1656891033854?e=1672272000&v=beta&t=4uvuNMyDPsDGbN1z-5APovjFrTb6ZTB1bfolYpvWF4E,"Toronto, ON",On-site,Actively recruiting,2022-09-23,True,False,0,https://www.linkedin.com/jobs/view/3285864082/,https://www.linkedin.com/jobs/search/?currentJobId=3273544279&f_T=340&geoId=101174742&keywords=data%20analyst&location=Canada&refresh=true&sortBy=DD,Jobs,2022-09-24T18:46:41.986Z,,True
https://www.linkedin.com/jobs/view/3128299011/,3128299011,Syniti,https://www.linkedin.com/company/19112642/,Data Analyst,https://media-exp1.licdn.com/dms/image/C560BAQGEwdGmSSnsgg/company-logo_100_100/0/1632509608266?e=1672272000&v=beta&t=gQQ73cjTcy4fLi6_tF-Uo2tkIHL13DTTD4dttGY67fA,"Moncton, NB",,Actively recruiting,,False,True,0,https://www.linkedin.com/jobs/view/3128299011/,https://www.linkedin.com/jobs/search/?currentJobId=3273544279&f_T=340&geoId=101174742&keywords=data%20analyst&location=Canada&refresh=true&sortBy=DD,Jobs,2022-09-24T18:46:41.986Z,,True
https://www.linkedin.com/jobs/view/3254184502/,3254184502,Maple Leaf Foods Inc,https://www.linkedin.com/company/164842/,Six Sigma Master Data Analyst,https://media-exp1.licdn.com/dms/image/C560BAQFvYR4LiWlk6Q/company-logo_100_100/0/1656937265333?e=1672272000&v=beta&t=e3XHQq-_7hcM25EjszwPmLsLr_76tuXJKOXvdXiyqq0,"Hamilton, ON",,1 alum works here,,False,True,16,https://www.linkedin.com/jobs/view/3254184502/,https://www.linkedin.com/jobs/search/?currentJobId=3273544279&f_T=340&geoId=101174742&keywords=data%20analyst&location=Canada&refresh=true&sortBy=DD,Jobs,2022-09-24T18:46:41.986Z,,True
https://www.linkedin.com/jobs/view/3273122089/,3273122089,Boeing,https://www.linkedin.com/company/1384/,Systems and Data Analyst,https://media-exp1.licdn.com/dms/image/C4E0BAQHpXZDZYImrdA/company-logo_100_100/0/1542647676208?e=1672272000&v=beta&t=hdgkhraRKP7oNoXhCq-RdgRT6Y_am8y-LnWA95IeBXM,"Winnipeg, MB",,Actively recruiting,,False,True,23,https://www.linkedin.com/jobs/view/3273122089/,https://www.linkedin.com/jobs/search/?currentJobId=3273544279&f_T=340&geoId=101174742&keywords=data%20analyst&location=Canada&refresh=true&sortBy=DD,Jobs,2022-09-24T18:46:41.987Z,,True
https://www.linkedin.com/jobs/view/3272692565/,3272692565,Cognizant,https://www.linkedin.com/company/1680/,Data Analyst,https://media-exp1.licdn.com/dms/image/C560BAQHRO9T5YA3ouQ/company-logo_100_100/0/1657037248681?e=1672272000&v=beta&t=JJ4wfJb8c__rGiqfFC9rhRP1hL8RfgWGNMCNGKrzAU4,"Toronto, ON",Hybrid,1 connection works here,,True,True,0,https://www.linkedin.com/jobs/view/3272692565/,https://www.linkedin.com/jobs/search/?currentJobId=3273544279&f_T=340&geoId=101174742&keywords=data%20analyst&location=Canada&refresh=true&sortBy=DD,Jobs,2022-09-24T18:46:41.987Z,,True
https://www.linkedin.com/jobs/view/2960063679/,2960063679,F5,https://www.linkedin.com/company/4841/,Data Analyst / Fraud/ Subject Matter Expert,https://media-exp1.licdn.com/dms/image/C4D0BAQGNf9LDytWnoA/company-logo_100_100/0/1519856507374?e=1672272000&v=beta&t=7swwv3OTY_duJKcGLxFY71xaLP2tioPmFlVWRc34vG8,"Toronto, ON",Remote,Actively recruiting,,False,True,0,https://www.linkedin.com/jobs/view/2960063679/,https://www.linkedin.com/jobs/search/?currentJobId=3273544279&f_T=340&geoId=101174742&keywords=data%20analyst&location=Canada&refresh=true&sortBy=DD,Jobs,2022-09-24T18:46:41.987Z,True,True
https://www.linkedin.com/jobs/view/3131662877/,3131662877,Munich Re,https://www.linkedin.com/company/8346/,Data Analyst - North American Integrated Analytics Team,https://media-exp1.licdn.com/dms/image/C560BAQFo9VVsXiAvQQ/company-logo_100_100/0/1519856476027?e=1672272000&v=beta&t=RwI62VwtRol2s_797LOChM-W2yKI9y0P2QKtIpqVGE8,"Toronto, ON",Hybrid,Actively recruiting,,False,True,0,https://www.linkedin.com/jobs/view/3131662877/,https://www.linkedin.com/jobs/search/?currentJobId=3273544279&f_T=340&geoId=101174742&keywords=data%20analyst&location=Canada&refresh=true&sortBy=DD,Jobs,2022-09-24T18:46:41.987Z,,True
https://www.linkedin.com/jobs/view/3244064218/,3244064218,Loblaw Companies Limited,https://www.linkedin.com/company/164756/,Customer Experience Data Analyst,https://media-exp1.licdn.com/dms/image/C4E0BAQF_cxx7cgQaiQ/company-logo_100_100/0/1519913127417?e=1672272000&v=beta&t=RgwUCEAjcAGDrILTtwIWTgk6gT5n0k2CDvPOSXcPy-M,"Brampton, ON",On-site,1 connection works here,,False,True,0,https://www.linkedin.com/jobs/view/3244064218/,https://www.linkedin.com/jobs/search/?currentJobId=3273544279&f_T=340&geoId=101174742&keywords=data%20analyst&location=Canada&refresh=true&sortBy=DD,Jobs,2022-09-24T18:46:41.987Z,,True
https://www.linkedin.com/jobs/view/3277189054/,3277189054,Crossover for Work,https://www.linkedin.com/company/9308035/,"Data Analyst, Trilogy (Remote) - $100,000/year USD",https://media-exp1.licdn.com/dms/image/C4E0BAQG8bdX5sQ24KQ/company-logo_100_100/0/1620025336126?e=1672272000&v=beta&t=wZtwvoY71lP9YOi6bBqX-jt0CigHvFrBGyhkosfeF8w,"Québec, QC",Remote,Actively recruiting,,True,True,0,https://www.linkedin.com/jobs/view/3277189054/,https://www.linkedin.com/jobs/search/?currentJobId=3273544279&f_T=340&geoId=101174742&keywords=data%20analyst&location=Canada&refresh=true&sortBy=DD,Jobs,2022-09-24T18:46:41.987Z,True,True
https://www.linkedin.com/jobs/view/3140830632/,3140830632,Citi,https://www.linkedin.com/company/11448/,"Senior Data Analyst, AVP - Remote Worker – Ontario Based",https://media-exp1.licdn.com/dms/image/C560BAQF1Y797wT1sRg/company-logo_100_100/0/1656644024034?e=1672272000&v=beta&t=rq3svooLhTBXmbTArt5zkYO2UO6UzkMV6MX0cXt-1Bs,"Mississauga, ON",Remote,Actively recruiting,,False,True,0,https://www.linkedin.com/jobs/view/3140830632/,https://www.linkedin.com/jobs/search/?currentJobId=3273544279&f_T=340&geoId=101174742&keywords=data%20analyst&location=Canada&refresh=true&sortBy=DD,Jobs,2022-09-24T18:46:48.149Z,True,True
https://www.linkedin.com/jobs/view/3271384571/,3271384571,Activision,https://www.linkedin.com/company/4048/,Data Analyst (Capacity Engineering),https://media-exp1.licdn.com/dms/image/C560BAQExGklv4pO1eQ/company-logo_100_100/0/1625589471641?e=1672272000&v=beta&t=sI_v2JMtbVmTq6hgNmrwZ72-vyoddnvPR-S2F36Mkyw,"Vancouver, BC",,Actively recruiting,,False,True,23,https://www.linkedin.com/jobs/view/3271384571/,https://www.linkedin.com/jobs/search/?currentJobId=3273544279&f_T=340&geoId=101174742&keywords=data%20analyst&location=Canada&refresh=true&sortBy=DD,Jobs,2022-09-24T18:46:48.149Z,,True
https://www.linkedin.com/jobs/view/3283954432/,3283954432,Agoda,https://www.linkedin.com/company/66719/,"Senior Data Analyst (Bangkok Based, relocation provided)",https://media-exp1.licdn.com/dms/image/C4D0BAQGBa_7QNZNwpw/company-logo_100_100/0/1656643826125?e=1672272000&v=beta&t=J2o2n80lHe_jt5BWKl4h0AUanAhVD3_JOZRwidBImqk,"Montreal, QC",Hybrid,Actively recruiting,2022-09-23,False,False,3,https://www.linkedin.com/jobs/view/3283954432/,https://www.linkedin.com/jobs/search/?currentJobId=3273544279&f_T=340&geoId=101174742&keywords=data%20analyst&location=Canada&refresh=true&sortBy=DD,Jobs,2022-09-24T18:46:48.149Z,,True
https://www.linkedin.com/jobs/view/3283950822/,3283950822,Agoda,https://www.linkedin.com/company/66719/,"Senior Data Analyst (Bangkok Based, relocation provided)",https://media-exp1.licdn.com/dms/image/C4D0BAQGBa_7QNZNwpw/company-logo_100_100/0/1656643826125?e=1672272000&v=beta&t=J2o2n80lHe_jt5BWKl4h0AUanAhVD3_JOZRwidBImqk,"Toronto, ON",Hybrid,Actively recruiting,2022-09-23,False,False,1,https://www.linkedin.com/jobs/view/3283950822/,https://www.linkedin.com/jobs/search/?currentJobId=3273544279&f_T=340&geoId=101174742&keywords=data%20analyst&location=Canada&refresh=true&sortBy=DD,Jobs,2022-09-24T18:46:48.149Z,,True
https://www.linkedin.com/jobs/view/3268770195/,3268770195,Onlia,https://www.linkedin.com/company/10922340/,Data Analyst,https://media-exp1.licdn.com/dms/image/C560BAQGkQXlBRuPXqQ/company-logo_100_100/0/1625491782112?e=1672272000&v=beta&t=gdlU4FySZLgmQYojOs7GD8jkZq_2-na76aVqjkgoqbc,"Toronto, ON",Hybrid,Actively recruiting,,True,True,0,https://www.linkedin.com/jobs/view/3268770195/,https://www.linkedin.com/jobs/search/?currentJobId=3273544279&f_T=340&geoId=101174742&keywords=data%20analyst&location=Canada&refresh=true&sortBy=DD,Jobs,2022-09-24T18:46:48.149Z,,True
https://www.linkedin.com/jobs/view/3282021310/,3282021310,CAPREIT,https://www.linkedin.com/company/650128/,Data Analyst,https://media-exp1.licdn.com/dms/image/C560BAQF-hEsg1K5p7A/company-logo_100_100/0/1656943331544?e=1672272000&v=beta&t=c6OLkKKXoWvEg0H0NVLysyEP1zDoXhvkYx16E6VaNlI,"Toronto, ON",Hybrid,Top applicant,,True,True,0,https://www.linkedin.com/jobs/view/3282021310/,https://www.linkedin.com/jobs/search/?currentJobId=3273544279&f_T=340&geoId=101174742&keywords=data%20analyst&location=Canada&refresh=true&sortBy=DD,Jobs,2022-09-24T18:46:48.149Z,,True
https://www.linkedin.com/jobs/view/3196600555/,3196600555,J.D. Power,https://www.linkedin.com/company/164530/,Tableau Data Analyst,https://media-exp1.licdn.com/dms/image/C4D0BAQGjhr2LL29e1Q/company-logo_100_100/0/1606857859591?e=1672272000&v=beta&t=PRnHg8rFoiuMG6g5Y7AgqrU0QGCQ-dPyVukHwB8z45s,Canada,Remote,Actively recruiting,,False,True,0,https://www.linkedin.com/jobs/view/3196600555/,https://www.linkedin.com/jobs/search/?currentJobId=3273544279&f_T=340&geoId=101174742&keywords=data%20analyst&location=Canada&refresh=true&sortBy=DD,Jobs,2022-09-24T18:46:48.149Z,True,True
https://www.linkedin.com/jobs/view/3283950820/,3283950820,Agoda,https://www.linkedin.com/company/66719/,"Senior Data Analyst (Bangkok Based, relocation provided)",https://media-exp1.licdn.com/dms/image/C4D0BAQGBa_7QNZNwpw/company-logo_100_100/0/1656643826125?e=1672272000&v=beta&t=J2o2n80lHe_jt5BWKl4h0AUanAhVD3_JOZRwidBImqk,"Vancouver, BC",Hybrid,Actively recruiting,2022-09-23,False,False,1,https://www.linkedin.com/jobs/view/3283950820/,https://www.linkedin.com/jobs/search/?currentJobId=3273544279&f_T=340&geoId=101174742&keywords=data%20analyst&location=Canada&refresh=true&sortBy=DD,Jobs,2022-09-24T18:46:48.149Z,,True
https://www.linkedin.com/jobs/view/3244348932/,3244348932,President's Choice Financial,https://www.linkedin.com/company/556119/,"Data Analyst, Payment Decision Support",https://media-exp1.licdn.com/dms/image/C4E0BAQGQRlNiOYZjUg/company-logo_100_100/0/1600083920331?e=1672272000&v=beta&t=NBvZRy_4rRBPhRRusZu_pn_WUDZXYIXQeaRYb943MTI,"Toronto, ON",Hybrid,Actively recruiting,,False,True,0,https://www.linkedin.com/jobs/view/3244348932/,https://www.linkedin.com/jobs/search/?currentJobId=3273544279&f_T=340&geoId=101174742&keywords=data%20analyst&location=Canada&refresh=true&sortBy=DD,Jobs,2022-09-24T18:46:48.149Z,,True
https://www.linkedin.com/jobs/view/3161073696/,3161073696,Hopper,https://www.linkedin.com/company/1373602/,Senior Data Analyst / Pricing Strategy (Remote),https://media-exp1.licdn.com/dms/image/C4D0BAQH3AvtQFmKeXQ/company-logo_100_100/0/1519913018185?e=1672272000&v=beta&t=Qjni6chGwS28H2IbCtfaVz5awk0ugspjf_6eWldtfXU,"Toronto, ON",Remote,Actively recruiting,,True,True,0,https://www.linkedin.com/jobs/view/3161073696/,https://www.linkedin.com/jobs/search/?currentJobId=3273544279&f_T=340&geoId=101174742&keywords=data%20analyst&location=Canada&refresh=true&sortBy=DD,Jobs,2022-09-24T18:46:48.149Z,True,True
https://www.linkedin.com/jobs/view/3247474305/,3247474305,Myticas Consulting,https://www.linkedin.com/company/2937226/,BHJOB15656_17982 - Data Analyst,https://media-exp1.licdn.com/dms/image/C560BAQFeXdEbP7cVgg/company-logo_100_100/0/1663593192898?e=1672272000&v=beta&t=bWpSQBigrlRTmVcHQ6favnB6hHxLynslJmdHHnG54NA,"Ottawa, ON",Hybrid,Top applicant,,True,True,0,https://www.linkedin.com/jobs/view/3247474305/,https://www.linkedin.com/jobs/search/?currentJobId=3273544279&f_T=340&geoId=101174742&keywords=data%20analyst&location=Canada&refresh=true&sortBy=DD,Jobs,2022-09-24T18:46:48.149Z,,True
https://www.linkedin.com/jobs/view/3285518851/,3285518851,Triton Digital,https://www.linkedin.com/company/773736/,Data Analyst  // Analyste(e) des données,https://media-exp1.licdn.com/dms/image/C560BAQHFB02ITal3EA/company-logo_100_100/0/1519886298313?e=1672272000&v=beta&t=QdZTO3H7XohnctBqatwFNdsJEo5wWH2yY-HVSs2bhFI,"Montreal, QC",Remote,,2022-09-23,False,False,0,https://www.linkedin.com/jobs/view/3285518851/,https://www.linkedin.com/jobs/search/?currentJobId=3273544279&f_T=340&geoId=101174742&keywords=data%20analyst&location=Canada&refresh=true&sortBy=DD,Jobs,2022-09-24T18:46:48.149Z,True,True
https://www.linkedin.com/jobs/view/3259871615/,3259871615,Cognizant,https://www.linkedin.com/company/1680/,Data Analyst,https://media-exp1.licdn.com/dms/image/C560BAQHRO9T5YA3ouQ/company-logo_100_100/0/1657037248681?e=1672272000&v=beta&t=JJ4wfJb8c__rGiqfFC9rhRP1hL8RfgWGNMCNGKrzAU4,"Toronto, ON",On-site,1 connection works here,,False,True,0,https://www.linkedin.com/jobs/view/3259871615/,https://www.linkedin.com/jobs/search/?currentJobId=3273544279&f_T=340&geoId=101174742&keywords=data%20analyst&location=Canada&refresh=true&sortBy=DD,Jobs,2022-09-24T18:46:48.150Z,,True
https://www.linkedin.com/jobs/view/3258680384/,3258680384,Worley,https://www.linkedin.com/company/6677/,Senior Data Analyst,https://media-exp1.licdn.com/dms/image/C4D0BAQGTBMiiZajPTw/company-logo_100_100/0/1656629724913?e=1672272000&v=beta&t=-PqrvJRznyWTHrrKu0nUfj5MRW-8rkh20ckrizhaiJM,"Vancouver, BC",On-site,1 alum works here,,False,True,0,https://www.linkedin.com/jobs/view/3258680384/,https://www.linkedin.com/jobs/search/?currentJobId=3273544279&f_T=340&geoId=101174742&keywords=data%20analyst&location=Canada&refresh=true&sortBy=DD,Jobs,2022-09-24T18:46:48.150Z,,True
https://www.linkedin.com/jobs/view/3179428713/,3179428713,Acuren,https://www.linkedin.com/company/61716/,TML Data Analyst,https://media-exp1.licdn.com/dms/image/C4E0BAQESNc1fBP7Shw/company-logo_100_100/0/1519856490110?e=1672272000&v=beta&t=_ZLJ-jb4I9q221nH9qsLh1-8rjBfWqTkJb9mBNIPjhU,"Fort McMurray, AB",On-site,Top applicant,,False,True,0,https://www.linkedin.com/jobs/view/3179428713/,https://www.linkedin.com/jobs/search/?currentJobId=3273544279&f_T=340&geoId=101174742&keywords=data%20analyst&location=Canada&refresh=true&sortBy=DD,Jobs,2022-09-24T18:46:48.150Z,,True
https://www.linkedin.com/jobs/view/2960170228/,2960170228,HDR,https://www.linkedin.com/company/164152/,Transportation Data Analyst,https://media-exp1.licdn.com/dms/image/C560BAQGfpTq19zKb0g/company-logo_100_100/0/1560873606208?e=1672272000&v=beta&t=rEMc_aqSN6yAM2H8fqdb1v5JeCrfFqqfKG3vuRb6Mhg,"Toronto, ON",On-site,Actively recruiting,,False,True,0,https://www.linkedin.com/jobs/view/2960170228/,https://www.linkedin.com/jobs/search/?currentJobId=3273544279&f_T=340&geoId=101174742&keywords=data%20analyst&location=Canada&refresh=true&sortBy=DD,Jobs,2022-09-24T18:46:53.469Z,,True
https://www.linkedin.com/jobs/view/3180318600/,3180318600,"JELD-WEN, Inc.",https://www.linkedin.com/company/15201/,Sr. Pricing Data Analyst,https://media-exp1.licdn.com/dms/image/C4D0BAQFCAW-4p5nRMA/company-logo_100_100/0/1632497476456?e=1672272000&v=beta&t=ggjlH5IdK8IS0f6nR0tbxIkkpkhm5cXAKk-rYgqOsfM,"Woodbridge, ON",,Actively recruiting,2022-09-23,True,False,0,https://www.linkedin.com/jobs/view/3180318600/,https://www.linkedin.com/jobs/search/?currentJobId=3273544279&f_T=340&geoId=101174742&keywords=data%20analyst&location=Canada&refresh=true&sortBy=DD,Jobs,2022-09-24T18:46:53.469Z,,True
https://www.linkedin.com/jobs/view/3270610469/,3270610469,Addmore Group,https://www.linkedin.com/company/110402/,SAP HANA Solution Data Analyst,https://media-exp1.licdn.com/dms/image/C4D0BAQH4abcyW-P-MQ/company-logo_100_100/0/1519883116181?e=1672272000&v=beta&t=74Giwg8sDdT4VIADfYNyRQT3VvCK2SNJg0UgIkXh2fM,"Calgary, AB",Hybrid,Top applicant,,False,True,17,https://www.linkedin.com/jobs/view/3270610469/,https://www.linkedin.com/jobs/search/?currentJobId=3273544279&f_T=340&geoId=101174742&keywords=data%20analyst&location=Canada&refresh=true&sortBy=DD,Jobs,2022-09-24T18:46:53.469Z,,True
https://www.linkedin.com/jobs/view/3197970752/,3197970752,Realtor.com,https://www.linkedin.com/company/3513586/,Data Analyst,https://media-exp1.licdn.com/dms/image/C560BAQHvBS3hOf83gQ/company-logo_100_100/0/1625180923330?e=1672272000&v=beta&t=-SqmLaDKWqfJeFWbgMjlFuuzWjAvnn8HtQK2NRkOd0s,"Vancouver, BC",,Top applicant,,False,True,0,https://www.linkedin.com/jobs/view/3197970752/,https://www.linkedin.com/jobs/search/?currentJobId=3273544279&f_T=340&geoId=101174742&keywords=data%20analyst&location=Canada&refresh=true&sortBy=DD,Jobs,2022-09-24T18:46:53.469Z,,True
https://www.linkedin.com/jobs/view/3260880406/,3260880406,Iris Software Inc.,https://www.linkedin.com/company/237658/,Data Analyst,https://media-exp1.licdn.com/dms/image/C4E0BAQG28JcCYIWL1A/company-logo_100_100/0/1614626189817?e=1672272000&v=beta&t=OiYJCTZDNu0OcFk78oBKQ8ts_GgQcmsQYY9W551O9Ns,"Mississauga, ON",Hybrid,Top applicant,,True,True,0,https://www.linkedin.com/jobs/view/3260880406/,https://www.linkedin.com/jobs/search/?currentJobId=3273544279&f_T=340&geoId=101174742&keywords=data%20analyst&location=Canada&refresh=true&sortBy=DD,Jobs,2022-09-24T18:46:53.470Z,,True
https://www.linkedin.com/jobs/view/3082966675/,3082966675,Hopper,https://www.linkedin.com/company/1373602/,Senior Data Analyst / Pricing Strategy (Remote),https://media-exp1.licdn.com/dms/image/C4D0BAQH3AvtQFmKeXQ/company-logo_100_100/0/1519913018185?e=1672272000&v=beta&t=Qjni6chGwS28H2IbCtfaVz5awk0ugspjf_6eWldtfXU,Canada,Remote,Actively recruiting,,True,True,0,https://www.linkedin.com/jobs/view/3082966675/,https://www.linkedin.com/jobs/search/?currentJobId=3273544279&f_T=340&geoId=101174742&keywords=data%20analyst&location=Canada&refresh=true&sortBy=DD,Jobs,2022-09-24T18:46:53.470Z,True,True
https://www.linkedin.com/jobs/view/3278086307/,3278086307,Robert Half,https://www.linkedin.com/company/1681/,Data Analyst,https://media-exp1.licdn.com/dms/image/C560BAQG9prid2XPqvQ/company-logo_100_100/0/1663261863668?e=1672272000&v=beta&t=KqDFhPrM92d5jKWfY9cUSAxueHJS2OzVA78MLgc9gcE,"Toronto, ON",Hybrid,Actively recruiting,,True,True,0,https://www.linkedin.com/jobs/view/3278086307/,https://www.linkedin.com/jobs/search/?currentJobId=3273544279&f_T=340&geoId=101174742&keywords=data%20analyst&location=Canada&refresh=true&sortBy=DD,Jobs,2022-09-24T18:46:53.470Z,,True
https://www.linkedin.com/jobs/view/3209376618/,3209376618,OPB (Ontario Pension Board),https://www.linkedin.com/company/521252/,Employer Data Analyst,https://media-exp1.licdn.com/dms/image/C560BAQHmvF3bxjXEuw/company-logo_100_100/0/1656620874205?e=1672272000&v=beta&t=NUs3RQxeHf_TurdMkrgWEE7eYUXHXLrZQNlEn717-20,"Toronto, ON",Hybrid,Top applicant,,False,True,0,https://www.linkedin.com/jobs/view/3209376618/,https://www.linkedin.com/jobs/search/?currentJobId=3273544279&f_T=340&geoId=101174742&keywords=data%20analyst&location=Canada&refresh=true&sortBy=DD,Jobs,2022-09-24T18:46:53.471Z,,True
https://www.linkedin.com/jobs/view/3283271731/,3283271731,TekStaff IT Solutions,https://www.linkedin.com/company/517808/,Data Analyst - 3,https://media-exp1.licdn.com/dms/image/C4D0BAQFA5o_K2s_jEw/company-logo_100_100/0/1519908409978?e=1672272000&v=beta&t=98mUeZQcN0qyuaxyieN_qZ2uel30L4WMnxpp1Lm6pDc,"Scarborough, ON",On-site,Actively recruiting,2022-09-23,False,False,20,https://www.linkedin.com/jobs/view/3283271731/,https://www.linkedin.com/jobs/search/?currentJobId=3273544279&f_T=340&geoId=101174742&keywords=data%20analyst&location=Canada&refresh=true&sortBy=DD,Jobs,2022-09-24T18:46:53.471Z,,True
https://www.linkedin.com/jobs/view/3131673965/,3131673965,FCB/SIX,https://www.linkedin.com/company/10809284/,Data Analyst,https://media-exp1.licdn.com/dms/image/C4E0BAQGmlDk0IJvYQw/company-logo_100_100/0/1600366838366?e=1672272000&v=beta&t=UxKg_Eo8pOAgZ6z8MfmmrGWmSYLPmLMTlBeDpEuNJNw,"Toronto, ON",Hybrid,Top applicant,,True,True,0,https://www.linkedin.com/jobs/view/3131673965/,https://www.linkedin.com/jobs/search/?currentJobId=3273544279&f_T=340&geoId=101174742&keywords=data%20analyst&location=Canada&refresh=true&sortBy=DD,Jobs,2022-09-24T18:46:53.471Z,,True
https://www.linkedin.com/jobs/view/3270536479/,3270536479,LevelUP,https://www.linkedin.com/company/10439499/,Data Analyst,https://media-exp1.licdn.com/dms/image/C4D0BAQH4Vh5L1iRifQ/company-logo_100_100/0/1519952462493?e=1672272000&v=beta&t=9Q3GQM0UbeoTKnSkWazzPZWPT2Ihm05DoJaG8-3rtoA,Canada,Remote,Top applicant,,True,True,0,https://www.linkedin.com/jobs/view/3270536479/,https://www.linkedin.com/jobs/search/?currentJobId=3273544279&f_T=340&geoId=101174742&keywords=data%20analyst&location=Canada&refresh=true&sortBy=DD,Jobs,2022-09-24T18:46:53.471Z,True,True
https://www.linkedin.com/jobs/view/3265588028/,3265588028,RBC,https://www.linkedin.com/company/1808/,Winter 2023 Student - Data Analyst (8 months),https://media-exp1.licdn.com/dms/image/C560BAQHlwHPAGX2PKw/company-logo_100_100/0/1656945846780?e=1672272000&v=beta&t=BLiXHvbqo7JLeRoYZi-2vuswMXOPcM9Ufgkmwvyenqo,"Toronto, ON",,2 connections work here,,False,True,0,https://www.linkedin.com/jobs/view/3265588028/,https://www.linkedin.com/jobs/search/?currentJobId=3273544279&f_T=340&geoId=101174742&keywords=data%20analyst&location=Canada&refresh=true&sortBy=DD,Jobs,2022-09-24T18:46:53.472Z,,True
https://www.linkedin.com/jobs/view/2866985298/,2866985298,CDW,https://www.linkedin.com/company/3334/,Data Analyst – Product and Partner Management,https://media-exp1.licdn.com/dms/image/C560BAQGWkaaHlaz8pQ/company-logo_100_100/0/1519855858103?e=1672272000&v=beta&t=P49ciRw9OdY9NP6bqTYTKoSCzPazzOm39egWcmspS3E,"Toronto, ON",,Actively recruiting,,False,True,0,https://www.linkedin.com/jobs/view/2866985298/,https://www.linkedin.com/jobs/search/?currentJobId=3273544279&f_T=340&geoId=101174742&keywords=data%20analyst&location=Canada&refresh=true&sortBy=DD,Jobs,2022-09-24T18:46:59.585Z,,True
https://www.linkedin.com/jobs/view/3277185554/,3277185554,Crossover for Work,https://www.linkedin.com/company/9308035/,"Data Analyst, Trilogy (Remote) - $100,000/year USD",https://media-exp1.licdn.com/dms/image/C4E0BAQG8bdX5sQ24KQ/company-logo_100_100/0/1620025336126?e=1672272000&v=beta&t=wZtwvoY71lP9YOi6bBqX-jt0CigHvFrBGyhkosfeF8w,"Ottawa, ON",Remote,Actively recruiting,2022-09-23,True,False,0,https://www.linkedin.com/jobs/view/3277185554/,https://www.linkedin.com/jobs/search/?currentJobId=3273544279&f_T=340&geoId=101174742&keywords=data%20analyst&location=Canada&refresh=true&sortBy=DD,Jobs,2022-09-24T18:46:59.585Z,True,True
https://www.linkedin.com/jobs/view/3169751519/,3169751519,Dentons,https://www.linkedin.com/company/3035129/,Data Analyst,https://media-exp1.licdn.com/dms/image/C560BAQFyTTmxMdCU1g/company-logo_100_100/0/1653920155031?e=1672272000&v=beta&t=_cRTDFLaBcMzwtWyxzqn9W9SyGMq6TEbG9Cmblr5afE,"Toronto, ON",Hybrid,Actively recruiting,,False,True,0,https://www.linkedin.com/jobs/view/3169751519/,https://www.linkedin.com/jobs/search/?currentJobId=3273544279&f_T=340&geoId=101174742&keywords=data%20analyst&location=Canada&refresh=true&sortBy=DD,Jobs,2022-09-24T18:46:59.585Z,,True
https://www.linkedin.com/jobs/view/3236415176/,3236415176,Metroline Construction LTD.,https://www.linkedin.com/company/8495618/,Data Analyst,,"Toronto, ON",Hybrid,Top applicant,,True,True,0,https://www.linkedin.com/jobs/view/3236415176/,https://www.linkedin.com/jobs/search/?currentJobId=3273544279&f_T=340&geoId=101174742&keywords=data%20analyst&location=Canada&refresh=true&sortBy=DD,Jobs,2022-09-24T18:46:59.585Z,,True
https://www.linkedin.com/jobs/view/3263096865/,3263096865,Citi,https://www.linkedin.com/company/11448/,Data Analyst,https://media-exp1.licdn.com/dms/image/C560BAQF1Y797wT1sRg/company-logo_100_100/0/1656644024034?e=1672272000&v=beta&t=rq3svooLhTBXmbTArt5zkYO2UO6UzkMV6MX0cXt-1Bs,"Mississauga, ON",On-site,Top applicant,,False,True,0,https://www.linkedin.com/jobs/view/3263096865/,https://www.linkedin.com/jobs/search/?currentJobId=3273544279&f_T=340&geoId=101174742&keywords=data%20analyst&location=Canada&refresh=true&sortBy=DD,Jobs,2022-09-24T18:46:59.586Z,,True
https://www.linkedin.com/jobs/view/3284661492/,3284661492,Stryker,https://www.linkedin.com/company/3282/,Master Data Analyst (Hybrid),https://media-exp1.licdn.com/dms/image/C4E0BAQHa7kowBO7CeQ/company-logo_100_100/0/1519856221451?e=1672272000&v=beta&t=cBw5tji3fUJRaabQfYtOurrBtk0wTSFQGkL_T5A1npc,"Toronto, ON",Hybrid,Actively recruiting,2022-09-23,False,False,0,https://www.linkedin.com/jobs/view/3284661492/,https://www.linkedin.com/jobs/search/?currentJobId=3273544279&f_T=340&geoId=101174742&keywords=data%20analyst&location=Canada&refresh=true&sortBy=DD,Jobs,2022-09-24T18:46:59.586Z,,True
https://www.linkedin.com/jobs/view/3271782079/,3271782079,Wood Mackenzie,https://www.linkedin.com/company/11510/,Data Analyst,https://media-exp1.licdn.com/dms/image/C4D0BAQGiSiaobFKPPg/company-logo_100_100/0/1528650998381?e=1672272000&v=beta&t=QuCvyiLwq9M4O5YQw7W7ObdT01yFFXKEnsfBluvl8ug,"Calgary, AB",,Top applicant,,True,True,0,https://www.linkedin.com/jobs/view/3271782079/,https://www.linkedin.com/jobs/search/?currentJobId=3273544279&f_T=340&geoId=101174742&keywords=data%20analyst&location=Canada&refresh=true&sortBy=DD,Jobs,2022-09-24T18:46:59.586Z,,True
https://www.linkedin.com/jobs/view/3053428029/,3053428029,eSSENTIAL Accessibility,https://www.linkedin.com/company/3512774/,Data Analyst,https://media-exp1.licdn.com/dms/image/C560BAQHSF2faHgD2zg/company-logo_100_100/0/1657065671144?e=1672272000&v=beta&t=dKNIBhccSQBdqzTs_l2DEfYpHXW6wJz3G8AwtgY3al4,Canada,Remote,Actively recruiting,,False,True,0,https://www.linkedin.com/jobs/view/3053428029/,https://www.linkedin.com/jobs/search/?currentJobId=3273544279&f_T=340&geoId=101174742&keywords=data%20analyst&location=Canada&refresh=true&sortBy=DD,Jobs,2022-09-24T18:46:59.587Z,True,True
https://www.linkedin.com/jobs/view/3284638904/,3284638904,Assent,https://www.linkedin.com/company/2547741/,Data Analyst- Contract,https://media-exp1.licdn.com/dms/image/C560BAQF3M5ZUib_-zg/company-logo_100_100/0/1656641246436?e=1672272000&v=beta&t=ALEIzgMpP_IFRLF2cAju6c0trKstMkH8Oud2rbrApK8,"Ottawa, ON",Remote,Actively recruiting,2022-09-23,True,False,0,https://www.linkedin.com/jobs/view/3284638904/,https://www.linkedin.com/jobs/search/?currentJobId=3273544279&f_T=340&geoId=101174742&keywords=data%20analyst&location=Canada&refresh=true&sortBy=DD,Jobs,2022-09-24T18:46:59.587Z,True,True
https://www.linkedin.com/jobs/view/3249057183/,3249057183,GFL Environmental Inc.,https://www.linkedin.com/company/2193256/,Data Analyst,https://media-exp1.licdn.com/dms/image/C560BAQHXFb6rN7jqPQ/company-logo_100_100/0/1519907570234?e=1672272000&v=beta&t=vNBlOoSx6-tjxHyZX9T1OV2ljZNfryF3EYJXJ5EUGyA,"Vaughan, ON",Hybrid,Top applicant,,True,True,0,https://www.linkedin.com/jobs/view/3249057183/,https://www.linkedin.com/jobs/search/?currentJobId=3273544279&f_T=340&geoId=101174742&keywords=data%20analyst&location=Canada&refresh=true&sortBy=DD,Jobs,2022-09-24T18:46:59.587Z,,True
https://www.linkedin.com/jobs/view/3207677859/,3207677859,Dribbble,https://www.linkedin.com/company/17937710/,Data Analyst,https://media-exp1.licdn.com/dms/image/C4E0BAQEZikrvnSHslA/company-logo_100_100/0/1546638528235?e=1672272000&v=beta&t=HZTlQmxnONbd8ZbhTx_jmSudr6fWEkciJqbx5L2ntKs,"Toronto, ON",Remote,Top applicant,,False,True,0,https://www.linkedin.com/jobs/view/3207677859/,https://www.linkedin.com/jobs/search/?currentJobId=3273544279&f_T=340&geoId=101174742&keywords=data%20analyst&location=Canada&refresh=true&sortBy=DD,Jobs,2022-09-24T18:46:59.587Z,True,True
https://www.linkedin.com/jobs/view/2960067095/,2960067095,F5,https://www.linkedin.com/company/4841/,Data Analyst / Fraud/ Subject Matter Expert,https://media-exp1.licdn.com/dms/image/C4D0BAQGNf9LDytWnoA/company-logo_100_100/0/1519856507374?e=1672272000&v=beta&t=7swwv3OTY_duJKcGLxFY71xaLP2tioPmFlVWRc34vG8,"Montreal, QC",Remote,Actively recruiting,,False,True,0,https://www.linkedin.com/jobs/view/2960067095/,https://www.linkedin.com/jobs/search/?currentJobId=3273544279&f_T=340&geoId=101174742&keywords=data%20analyst&location=Canada&refresh=true&sortBy=DD,Jobs,2022-09-24T18:46:59.587Z,True,True
https://www.linkedin.com/jobs/view/3258674991/,3258674991,Worley,https://www.linkedin.com/company/6677/,Senior Data Analyst,https://media-exp1.licdn.com/dms/image/C4D0BAQGTBMiiZajPTw/company-logo_100_100/0/1656629724913?e=1672272000&v=beta&t=-PqrvJRznyWTHrrKu0nUfj5MRW-8rkh20ckrizhaiJM,"Toronto, ON",On-site,1 alum works here,,False,True,0,https://www.linkedin.com/jobs/view/3258674991/,https://www.linkedin.com/jobs/search/?currentJobId=3273544279&f_T=340&geoId=101174742&keywords=data%20analyst&location=Canada&refresh=true&sortBy=DD,Jobs,2022-09-24T18:46:59.588Z,,True
https://www.linkedin.com/jobs/view/3284496274/,3284496274,Restaurant Am Markt,https://www.linkedin.com/company/7503826/,WFH DATA ANALYST,,"Hay River, NT",On-site,,2022-09-23,False,False,1,https://www.linkedin.com/jobs/view/3284496274/,https://www.linkedin.com/jobs/search/?currentJobId=3273544279&f_T=340&geoId=101174742&keywords=data%20analyst&location=Canada&refresh=true&sortBy=DD,Jobs,2022-09-24T18:47:04.891Z,,True
https://www.linkedin.com/jobs/view/3284492643/,3284492643,Restaurant Am Markt,https://www.linkedin.com/company/7503826/,WFH DATA ANALYST,,"New Westminster, BC",On-site,,2022-09-23,False,False,10,https://www.linkedin.com/jobs/view/3284492643/,https://www.linkedin.com/jobs/search/?currentJobId=3273544279&f_T=340&geoId=101174742&keywords=data%20analyst&location=Canada&refresh=true&sortBy=DD,Jobs,2022-09-24T18:47:04.891Z,,True
https://www.linkedin.com/jobs/view/3155169504/,3155169504,DRW,https://www.linkedin.com/company/15999/,Data Analyst,https://media-exp1.licdn.com/dms/image/D560BAQEVms7Q5Lx74g/company-logo_100_100/0/1660597308124?e=1672272000&v=beta&t=NQ9anpngKjUOyNlvDh-4gsaxFOQn0rwoF7Hcy1uIqPk,"Montreal, QC",Hybrid,Actively recruiting,,False,True,0,https://www.linkedin.com/jobs/view/3155169504/,https://www.linkedin.com/jobs/search/?currentJobId=3273544279&f_T=340&geoId=101174742&keywords=data%20analyst&location=Canada&refresh=true&sortBy=DD,Jobs,2022-09-24T18:47:04.892Z,,True
https://www.linkedin.com/jobs/view/3133012276/,3133012276,Iris Software Inc.,https://www.linkedin.com/company/237658/,Business Data Analyst,https://media-exp1.licdn.com/dms/image/C4E0BAQG28JcCYIWL1A/company-logo_100_100/0/1614626189817?e=1672272000&v=beta&t=OiYJCTZDNu0OcFk78oBKQ8ts_GgQcmsQYY9W551O9Ns,"Mississauga, ON",Hybrid,Top applicant,,True,True,0,https://www.linkedin.com/jobs/view/3133012276/,https://www.linkedin.com/jobs/search/?currentJobId=3273544279&f_T=340&geoId=101174742&keywords=data%20analyst&location=Canada&refresh=true&sortBy=DD,Jobs,2022-09-24T18:47:04.892Z,,True
https://www.linkedin.com/jobs/view/3185972787/,3185972787,Synechron,https://www.linkedin.com/company/15506/,Data Analyst,https://media-exp1.licdn.com/dms/image/C4D0BAQF-kdmTYpOKFg/company-logo_100_100/0/1663673608148?e=1672272000&v=beta&t=fNJYJbMOV0eUn9l_uLVyFlzreWlpV8Yh-kO4QYGgwqY,"Mississauga, ON",On-site,Top applicant,,True,True,0,https://www.linkedin.com/jobs/view/3185972787/,https://www.linkedin.com/jobs/search/?currentJobId=3273544279&f_T=340&geoId=101174742&keywords=data%20analyst&location=Canada&refresh=true&sortBy=DD,Jobs,2022-09-24T18:47:04.892Z,,True
https://www.linkedin.com/jobs/view/3284491722/,3284491722,Restaurant Am Markt,https://www.linkedin.com/company/7503826/,WFH DATA ANALYST,,"Springhill, NS",On-site,,2022-09-23,False,False,2,https://www.linkedin.com/jobs/view/3284491722/,https://www.linkedin.com/jobs/search/?currentJobId=3273544279&f_T=340&geoId=101174742&keywords=data%20analyst&location=Canada&refresh=true&sortBy=DD,Jobs,2022-09-24T18:47:04.892Z,,True
https://www.linkedin.com/jobs/view/3284550567/,3284550567,Canadian Tire Corporation,https://www.linkedin.com/company/162883/,"Data Analyst Student, Customer Analytics (4 months) - Winter 2023 - Canadian Tire Financial Services",https://media-exp1.licdn.com/dms/image/C4E0BAQEGdJ0AEAxBeA/company-logo_100_100/0/1649796288096?e=1672272000&v=beta&t=ILLlmCEfobBDkWdX0kcfQhgiskv53OExSJh0Jg5h5ss,"Oakville, ON",On-site,Actively recruiting,2022-09-23,False,False,1,https://www.linkedin.com/jobs/view/3284550567/,https://www.linkedin.com/jobs/search/?currentJobId=3273544279&f_T=340&geoId=101174742&keywords=data%20analyst&location=Canada&refresh=true&sortBy=DD,Jobs,2022-09-24T18:47:04.893Z,,True
https://www.linkedin.com/jobs/view/3241822010/,3241822010,Delpath,https://www.linkedin.com/company/67352076/,Data Analyst - 2 (Contract),https://media-exp1.licdn.com/dms/image/C4E0BAQGGFKRMUoo4Vg/company-logo_100_100/0/1592354402400?e=1672272000&v=beta&t=emRfsVaA6QF-OH8erOlcpV-jny06taohPl_AJVFBpMQ,"Toronto, ON",Hybrid,Top applicant,,True,True,0,https://www.linkedin.com/jobs/view/3241822010/,https://www.linkedin.com/jobs/search/?currentJobId=3273544279&f_T=340&geoId=101174742&keywords=data%20analyst&location=Canada&refresh=true&sortBy=DD,Jobs,2022-09-24T18:47:04.893Z,,True
https://www.linkedin.com/jobs/view/3205953720/,3205953720,MCAP,https://www.linkedin.com/company/17613/,Data Analyst,https://media-exp1.licdn.com/dms/image/C4E0BAQF03qdLM_Y1Vg/company-logo_100_100/0/1588258064695?e=1672272000&v=beta&t=6rYF6-lhNwjGmobuTfPxWuJbWjReYfu-goo_0GKilWI,"Toronto, ON",Hybrid,Actively recruiting,,False,True,0,https://www.linkedin.com/jobs/view/3205953720/,https://www.linkedin.com/jobs/search/?currentJobId=3273544279&f_T=340&geoId=101174742&keywords=data%20analyst&location=Canada&refresh=true&sortBy=DD,Jobs,2022-09-24T18:47:04.893Z,,True
https://www.linkedin.com/jobs/view/3244022484/,3244022484,Sonepar Canada,https://www.linkedin.com/company/95714/,Digital Data Analyst,https://media-exp1.licdn.com/dms/image/C4D0BAQEtDhTMYAqqDQ/company-logo_100_100/0/1637078646293?e=1672272000&v=beta&t=veHcYZTeIIq9fsTQyUMvsECbTtNWbNDEiOXchtT1-xI,"Brampton, ON",Hybrid,Actively recruiting,,True,True,0,https://www.linkedin.com/jobs/view/3244022484/,https://www.linkedin.com/jobs/search/?currentJobId=3273544279&f_T=340&geoId=101174742&keywords=data%20analyst&location=Canada&refresh=true&sortBy=DD,Jobs,2022-09-24T18:47:04.893Z,,True
https://www.linkedin.com/jobs/view/3180018377/,3180018377,TELUS International AI Data Solutions,https://www.linkedin.com/company/6611939/,Online Data Analyst | French (Canada) | Freelance Remote Job,https://media-exp1.licdn.com/dms/image/C4E0BAQFbk29MG-bWYg/company-logo_100_100/0/1658243938099?e=1672272000&v=beta&t=ILLsrC69aQWahwx2nGIrAced9YR-bBMH8yGtzi-6tto,Canada,Remote,Actively recruiting,,False,True,0,https://www.linkedin.com/jobs/view/3180018377/,https://www.linkedin.com/jobs/search/?currentJobId=3273544279&f_T=340&geoId=101174742&keywords=data%20analyst&location=Canada&refresh=true&sortBy=DD,Jobs,2022-09-24T18:47:04.893Z,True,True
https://www.linkedin.com/jobs/view/3284551467/,3284551467,Canadian Tire Corporation,https://www.linkedin.com/company/162883/,"Data Analyst Student, Customer Analytics (4 months) - Winter 2023 - Canadian Tire Financial Services",https://media-exp1.licdn.com/dms/image/C4E0BAQEGdJ0AEAxBeA/company-logo_100_100/0/1649796288096?e=1672272000&v=beta&t=ILLlmCEfobBDkWdX0kcfQhgiskv53OExSJh0Jg5h5ss,"Oakville, ON",On-site,Actively recruiting,2022-09-23,False,False,5,https://www.linkedin.com/jobs/view/3284551467/,https://www.linkedin.com/jobs/search/?currentJobId=3273544279&f_T=340&geoId=101174742&keywords=data%20analyst&location=Canada&refresh=true&sortBy=DD,Jobs,2022-09-24T18:47:04.893Z,,True
https://www.linkedin.com/jobs/view/3268379132/,3268379132,HCL Technologies,https://www.linkedin.com/company/1756/,Sr. Data Analyst,https://media-exp1.licdn.com/dms/image/C4D0BAQGiJbRga_iADw/company-logo_100_100/0/1656668570107?e=1672272000&v=beta&t=xjKwOvCs9VHvb7uh8ygdRG-x0tTGMsDI3l7wPatjjmk,"Calgary, AB",On-site,Actively recruiting,,True,True,0,https://www.linkedin.com/jobs/view/3268379132/,https://www.linkedin.com/jobs/search/?currentJobId=3273544279&f_T=340&geoId=101174742&keywords=data%20analyst&location=Canada&refresh=true&sortBy=DD,Jobs,2022-09-24T18:47:04.894Z,,True
https://www.linkedin.com/jobs/view/3178067970/,3178067970,Citi,https://www.linkedin.com/company/11448/,Business Data Analyst,https://media-exp1.licdn.com/dms/image/C560BAQF1Y797wT1sRg/company-logo_100_100/0/1656644024034?e=1672272000&v=beta&t=rq3svooLhTBXmbTArt5zkYO2UO6UzkMV6MX0cXt-1Bs,"Mississauga, ON",On-site,Actively recruiting,,False,True,0,https://www.linkedin.com/jobs/view/3178067970/,https://www.linkedin.com/jobs/search/?currentJobId=3273544279&f_T=340&geoId=101174742&keywords=data%20analyst&location=Canada&refresh=true&sortBy=DD,Jobs,2022-09-24T18:47:04.894Z,,True
https://www.linkedin.com/jobs/view/3062737999/,3062737999,Unity,https://www.linkedin.com/company/212669/,Senior Data Analyst,https://media-exp1.licdn.com/dms/image/C560BAQHEIxCwW404IA/company-logo_100_100/0/1633446722058?e=1672272000&v=beta&t=gyVX7lfuzLpUahsW22q_bMQfReN6ty0KR1iXDpqMfb0,"Greater Toronto Area, Canada",Remote,1 connection works here,,False,True,0,https://www.linkedin.com/jobs/view/3062737999/,https://www.linkedin.com/jobs/search/?currentJobId=3273544279&f_T=340&geoId=101174742&keywords=data%20analyst&location=Canada&refresh=true&sortBy=DD,Jobs,2022-09-24T18:47:04.894Z,True,True
https://www.linkedin.com/jobs/view/3284045228/,3284045228,7shifts: Team Management for Restaurants,https://www.linkedin.com/company/1386031/,Data Analyst (Revenue),https://media-exp1.licdn.com/dms/image/C4E0BAQGYdwQ-I4Bw_A/company-logo_100_100/0/1593792137260?e=1672272000&v=beta&t=kE5v3zWpkoc5Dn0Vs7MErK2w6VCGbqal-qKSVN9bFCU,"Toronto, ON",Remote,1 connection works here,2022-09-22,False,False,0,https://www.linkedin.com/jobs/view/3284045228/,https://www.linkedin.com/jobs/search/?currentJobId=3273544279&f_T=340&geoId=101174742&keywords=data%20analyst&location=Canada&refresh=true&sortBy=DD,Jobs,2022-09-24T18:47:10.508Z,True,True
https://www.linkedin.com/jobs/view/3098496665/,3098496665,IAA Canada,https://www.linkedin.com/company/10619419/,Data Analyst,https://media-exp1.licdn.com/dms/image/C4E0BAQFtvc8Dm-dLcQ/company-logo_100_100/0/1645667825222?e=1672272000&v=beta&t=Ugf5FScp8k-xbkvq_G8q7wIPAIp_vP-_f17wX9xo8QY,"Mississauga, ON",On-site,,,False,True,0,https://www.linkedin.com/jobs/view/3098496665/,https://www.linkedin.com/jobs/search/?currentJobId=3273544279&f_T=340&geoId=101174742&keywords=data%20analyst&location=Canada&refresh=true&sortBy=DD,Jobs,2022-09-24T18:47:10.509Z,,True
https://www.linkedin.com/jobs/view/3281673951/,3281673951,The Ian Martin Group,https://www.linkedin.com/company/15465/,Data Analyst,https://media-exp1.licdn.com/dms/image/C4E0BAQHcalq6siLvxQ/company-logo_100_100/0/1519856055217?e=1672272000&v=beta&t=acn1b3oyOXYB8M4BPZZZ3LTsfwlZeUf_JPdKQvVo15A,"Toronto, ON",,1 connection works here,2022-09-22,False,False,0,https://www.linkedin.com/jobs/view/3281673951/,https://www.linkedin.com/jobs/search/?currentJobId=3273544279&f_T=340&geoId=101174742&keywords=data%20analyst&location=Canada&refresh=true&sortBy=DD,Jobs,2022-09-24T18:47:10.509Z,,True
https://www.linkedin.com/jobs/view/3281102293/,3281102293,LifeWorks,https://www.linkedin.com/company/9958225/,"Data Analyst, Bilingual",https://media-exp1.licdn.com/dms/image/C560BAQGzv3AUJRSj0g/company-logo_100_100/0/1656696420967?e=1672272000&v=beta&t=lMLFtnJIgMLPOt1UgSpYgi3ZISZ9OOYj81UthhIXh8o,"Toronto, ON",,Actively recruiting,,False,True,17,https://www.linkedin.com/jobs/view/3281102293/,https://www.linkedin.com/jobs/search/?currentJobId=3273544279&f_T=340&geoId=101174742&keywords=data%20analyst&location=Canada&refresh=true&sortBy=DD,Jobs,2022-09-24T18:47:10.510Z,,True
https://www.linkedin.com/jobs/view/3234353249/,3234353249,6ix,https://www.linkedin.com/company/10830488/,Data Analyst,https://media-exp1.licdn.com/dms/image/C4E0BAQFuGmjCy471DA/company-logo_100_100/0/1560282682975?e=1672272000&v=beta&t=54kIzhX2y_CJdKx8UQww4SE93h4MbBGpb7OVgiWFGA8,"Toronto, ON",Remote,Top applicant,,True,True,0,https://www.linkedin.com/jobs/view/3234353249/,https://www.linkedin.com/jobs/search/?currentJobId=3273544279&f_T=340&geoId=101174742&keywords=data%20analyst&location=Canada&refresh=true&sortBy=DD,Jobs,2022-09-24T18:47:10.510Z,True,True
https://www.linkedin.com/jobs/view/3281650603/,3281650603,Harris Computer,https://www.linkedin.com/company/13524/,"Manager, Data Analyst",https://media-exp1.licdn.com/dms/image/C4E0BAQFGnEtRGz9BEQ/company-logo_100_100/0/1617373563191?e=1672272000&v=beta&t=PR1ugQ8TMt3oUuqEbrV98-8LCLKge0Vfb4xZNJsHO-Q,"Toronto, ON",,Actively recruiting,2022-09-22,False,False,6,https://www.linkedin.com/jobs/view/3281650603/,https://www.linkedin.com/jobs/search/?currentJobId=3273544279&f_T=340&geoId=101174742&keywords=data%20analyst&location=Canada&refresh=true&sortBy=DD,Jobs,2022-09-24T18:47:10.510Z,,True
https://www.linkedin.com/jobs/view/3283666313/,3283666313,ArdoVLM,https://www.linkedin.com/company/5519951/,Food Safety Data Analyst,https://media-exp1.licdn.com/dms/image/C4E0BAQEs5XcfNwBRMA/company-logo_100_100/0/1649959587742?e=1672272000&v=beta&t=WcsUqnHEK1L7GHzViiAdgM9PhE4lCpGM1Ql9aLXESmA,"Dollard-des-Ormeaux, QC",On-site,Actively recruiting,2022-09-22,True,False,0,https://www.linkedin.com/jobs/view/3283666313/,https://www.linkedin.com/jobs/search/?currentJobId=3273544279&f_T=340&geoId=101174742&keywords=data%20analyst&location=Canada&refresh=true&sortBy=DD,Jobs,2022-09-24T18:47:10.510Z,,True
https://www.linkedin.com/jobs/view/3249058122/,3249058122,GFL Environmental Inc.,https://www.linkedin.com/company/2193256/,Data Analyst,https://media-exp1.licdn.com/dms/image/C560BAQHXFb6rN7jqPQ/company-logo_100_100/0/1519907570234?e=1672272000&v=beta&t=vNBlOoSx6-tjxHyZX9T1OV2ljZNfryF3EYJXJ5EUGyA,"Montreal, QC",Hybrid,Top applicant,,True,True,0,https://www.linkedin.com/jobs/view/3249058122/,https://www.linkedin.com/jobs/search/?currentJobId=3273544279&f_T=340&geoId=101174742&keywords=data%20analyst&location=Canada&refresh=true&sortBy=DD,Jobs,2022-09-24T18:47:10.510Z,,True
https://www.linkedin.com/jobs/view/3129969768/,3129969768,AbCellera,https://www.linkedin.com/company/3514937/,Data Analyst - Cell Biology,https://media-exp1.licdn.com/dms/image/C4E0BAQFBwcZVcLg41w/company-logo_100_100/0/1607634412164?e=1672272000&v=beta&t=iM9aFGonLp0eIg1guv1GIBy8r3DpOQnlSX8xXanUF9I,"Vancouver, BC",On-site,Actively recruiting,,False,True,0,https://www.linkedin.com/jobs/view/3129969768/,https://www.linkedin.com/jobs/search/?currentJobId=3273544279&f_T=340&geoId=101174742&keywords=data%20analyst&location=Canada&refresh=true&sortBy=DD,Jobs,2022-09-24T18:47:10.511Z,,True
https://www.linkedin.com/jobs/view/3122544636/,3122544636,Mueller Water Products,https://www.linkedin.com/company/64250/,Senior Data Analyst,https://media-exp1.licdn.com/dms/image/C560BAQGUI_7T4M8N_Q/company-logo_100_100/0/1541435278863?e=1672272000&v=beta&t=aOLnZZbO_Tb2fuuyEORyI8y0c22_S8wKBxKSFT1D1Ls,"Toronto, ON",On-site,Actively recruiting,,True,True,0,https://www.linkedin.com/jobs/view/3122544636/,https://www.linkedin.com/jobs/search/?currentJobId=3273544279&f_T=340&geoId=101174742&keywords=data%20analyst&location=Canada&refresh=true&sortBy=DD,Jobs,2022-09-24T18:47:16.008Z,,True
https://www.linkedin.com/jobs/view/3279671549/,3279671549,BCJobs,https://www.linkedin.com/company/239422/,Data Analyst (Paladin Security),https://media-exp1.licdn.com/dms/image/C560BAQEnl7AEDJmM-Q/company-logo_100_100/0/1591218960641?e=1672272000&v=beta&t=zEGFBQH74ky4Th8ZmiCwNhBLevcHefjcJpVmYEWarG0,"Burnaby, BC",On-site,,2022-09-22,False,False,22,https://www.linkedin.com/jobs/view/3279671549/,https://www.linkedin.com/jobs/search/?currentJobId=3273544279&f_T=340&geoId=101174742&keywords=data%20analyst&location=Canada&refresh=true&sortBy=DD,Jobs,2022-09-24T18:47:16.009Z,,True
https://www.linkedin.com/jobs/view/3223336460/,3223336460,TELUS International AI Data Solutions,https://www.linkedin.com/company/6611939/,Part-time | Online Data Analyst - French (CA),https://media-exp1.licdn.com/dms/image/C4E0BAQFbk29MG-bWYg/company-logo_100_100/0/1658243938099?e=1672272000&v=beta&t=ILLsrC69aQWahwx2nGIrAced9YR-bBMH8yGtzi-6tto,Canada,Remote,Top applicant,,False,True,0,https://www.linkedin.com/jobs/view/3223336460/,https://www.linkedin.com/jobs/search/?currentJobId=3273544279&f_T=340&geoId=101174742&keywords=data%20analyst&location=Canada&refresh=true&sortBy=DD,Jobs,2022-09-24T18:47:16.010Z,True,True
https://www.linkedin.com/jobs/view/3110879979/,3110879979,Fortinet,https://www.linkedin.com/company/6460/,Software Development Engineer / Data Analyst,https://media-exp1.licdn.com/dms/image/C4E0BAQG5YjfMM9KL-w/company-logo_100_100/0/1632775286258?e=1672272000&v=beta&t=oBVz3e2dIAqA1R-MOQop9uI-ShOV4tvvzEMIxdeSVMg,"Ottawa, ON",On-site,Actively recruiting,,False,True,0,https://www.linkedin.com/jobs/view/3110879979/,https://www.linkedin.com/jobs/search/?currentJobId=3273544279&f_T=340&geoId=101174742&keywords=data%20analyst&location=Canada&refresh=true&sortBy=DD,Jobs,2022-09-24T18:47:16.010Z,,True
https://www.linkedin.com/jobs/view/3050036653/,3050036653,CPP Investments | Investissements RPC,https://www.linkedin.com/company/23230/,"Sector Data Analyst, Data Driven Investing",https://media-exp1.licdn.com/dms/image/C560BAQE4Cmd3fjeXhQ/company-logo_100_100/0/1661720065333?e=1672272000&v=beta&t=2hJic1kCpgpi_-yFJuaxymzPZQe9xUEZ51YEs1freOo,"Toronto, ON",On-site,1 alum works here,,True,True,0,https://www.linkedin.com/jobs/view/3050036653/,https://www.linkedin.com/jobs/search/?currentJobId=3273544279&f_T=340&geoId=101174742&keywords=data%20analyst&location=Canada&refresh=true&sortBy=DD,Jobs,2022-09-24T18:47:16.011Z,,True
https://www.linkedin.com/jobs/view/3228426444/,3228426444,Humble & Fume Inc.,https://www.linkedin.com/company/18756723/,Data Analyst,https://media-exp1.licdn.com/dms/image/C560BAQFmFAF-ozvY0A/company-logo_100_100/0/1541543989549?e=1672272000&v=beta&t=qFZZb_badicTJYFEafoABMg_IFCd0Iai4CUIRAZeI9A,"Ontario, Canada",Hybrid,Top applicant,,True,True,0,https://www.linkedin.com/jobs/view/3228426444/,https://www.linkedin.com/jobs/search/?currentJobId=3273544279&f_T=340&geoId=101174742&keywords=data%20analyst&location=Canada&refresh=true&sortBy=DD,Jobs,2022-09-24T18:47:16.011Z,,True
https://www.linkedin.com/jobs/view/3261444173/,3261444173,RBC,https://www.linkedin.com/company/1808/,"2023 Winter Student Reference Data Analyst (8 months - Bedford, NS)",https://media-exp1.licdn.com/dms/image/C560BAQHlwHPAGX2PKw/company-logo_100_100/0/1656945846780?e=1672272000&v=beta&t=BLiXHvbqo7JLeRoYZi-2vuswMXOPcM9Ufgkmwvyenqo,"Halifax, NS",,2 connections work here,2022-09-21,False,False,0,https://www.linkedin.com/jobs/view/3261444173/,https://www.linkedin.com/jobs/search/?currentJobId=3273544279&f_T=340&geoId=101174742&keywords=data%20analyst&location=Canada&refresh=true&sortBy=DD,Jobs,2022-09-24T18:47:21.346Z,,True
https://www.linkedin.com/jobs/view/3278028817/,3278028817,The Ian Martin Group,https://www.linkedin.com/company/15465/,Data Analyst,https://media-exp1.licdn.com/dms/image/C4E0BAQHcalq6siLvxQ/company-logo_100_100/0/1519856055217?e=1672272000&v=beta&t=acn1b3oyOXYB8M4BPZZZ3LTsfwlZeUf_JPdKQvVo15A,"Toronto, ON",On-site,1 connection works here,2022-09-21,False,False,0,https://www.linkedin.com/jobs/view/3278028817/,https://www.linkedin.com/jobs/search/?currentJobId=3273544279&f_T=340&geoId=101174742&keywords=data%20analyst&location=Canada&refresh=true&sortBy=DD,Jobs,2022-09-24T18:47:21.347Z,,True
https://www.linkedin.com/jobs/view/3284966315/,3284966315,nugget.ai,https://www.linkedin.com/company/18488562/,Senior Data Analyst,https://media-exp1.licdn.com/dms/image/C4E0BAQEDdOz-PLnS6g/company-logo_100_100/0/1620061844676?e=1672272000&v=beta&t=spESJfkEaAb7sAYrEjAGMgeaAEoXiLYg58ILchHodTY,"Toronto, ON",,,2022-09-21,False,False,0,https://www.linkedin.com/jobs/view/3284966315/,https://www.linkedin.com/jobs/search/?currentJobId=3273544279&f_T=340&geoId=101174742&keywords=data%20analyst&location=Canada&refresh=true&sortBy=DD,Jobs,2022-09-24T18:47:21.348Z,,True
https://www.linkedin.com/jobs/view/3270844867/,3270844867,City of Vancouver,https://www.linkedin.com/company/13729/,Performance and Data Analyst,https://media-exp1.licdn.com/dms/image/C4D0BAQFo9Iy7Ag8KaQ/company-logo_100_100/0/1622840429492?e=1672272000&v=beta&t=3KRAeGxnPFDxoWn-PgeqxINsdWQwhn8kFS-EwbIto1o,"Vancouver, BC",,1 company alumnus works here,2022-09-21,False,False,0,https://www.linkedin.com/jobs/view/3270844867/,https://www.linkedin.com/jobs/search/?currentJobId=3273544279&f_T=340&geoId=101174742&keywords=data%20analyst&location=Canada&refresh=true&sortBy=DD,Jobs,2022-09-24T18:47:21.348Z,,True
https://www.linkedin.com/jobs/view/3281497616/,3281497616,Procom,https://www.linkedin.com/company/8235/,Data Analyst,https://media-exp1.licdn.com/dms/image/C4E0BAQFyC83Q4C6XGQ/company-logo_100_100/0/1629146632268?e=1672272000&v=beta&t=EdWkp3LrtFOf_g8G1Jle74jrulX4TWrU1AHvxyrhWjE,"Toronto, ON",,1 connection works here,2022-09-21,False,False,0,https://www.linkedin.com/jobs/view/3281497616/,https://www.linkedin.com/jobs/search/?currentJobId=3273544279&f_T=340&geoId=101174742&keywords=data%20analyst&location=Canada&refresh=true&sortBy=DD,Jobs,2022-09-24T18:47:21.348Z,,True
https://www.linkedin.com/jobs/view/3277942907/,3277942907,Zortech Solutions,https://www.linkedin.com/company/51628714/,Senior Data Analyst,https://media-exp1.licdn.com/dms/image/C4E0BAQFLYN9bJoNeQg/company-logo_100_100/0/1570462760656?e=1672272000&v=beta&t=QpCD5r9LgmFv65IbaN_MssJ-SmyzV6lVeFcp5anfMRg,"Toronto, ON",On-site,Top applicant,2022-09-21,True,False,0,https://www.linkedin.com/jobs/view/3277942907/,https://www.linkedin.com/jobs/search/?currentJobId=3273544279&f_T=340&geoId=101174742&keywords=data%20analyst&location=Canada&refresh=true&sortBy=DD,Jobs,2022-09-24T18:47:21.348Z,,True
https://www.linkedin.com/jobs/view/3261488521/,3261488521,RBC,https://www.linkedin.com/company/1808/,HR Data Analyst,https://media-exp1.licdn.com/dms/image/C560BAQHlwHPAGX2PKw/company-logo_100_100/0/1656945846780?e=1672272000&v=beta&t=BLiXHvbqo7JLeRoYZi-2vuswMXOPcM9Ufgkmwvyenqo,"Toronto, ON",,2 connections work here,2022-09-21,False,False,0,https://www.linkedin.com/jobs/view/3261488521/,https://www.linkedin.com/jobs/search/?currentJobId=3273544279&f_T=340&geoId=101174742&keywords=data%20analyst&location=Canada&refresh=true&sortBy=DD,Jobs,2022-09-24T18:47:27.538Z,,True
https://www.linkedin.com/jobs/view/3262429614/,3262429614,Motion Recruitment,https://www.linkedin.com/company/5887/,Principal Data Analyst,https://media-exp1.licdn.com/dms/image/C4E0BAQGBvaHLa2cjkg/company-logo_100_100/0/1657739069646?e=1672272000&v=beta&t=BKcXl3U2Ih_7p_oib2TVqLqreC-AL_iRQJStffWNMlA,"Toronto, ON",,Top applicant,2022-09-20,False,False,0,https://www.linkedin.com/jobs/view/3262429614/,https://www.linkedin.com/jobs/search/?currentJobId=3273544279&f_T=340&geoId=101174742&keywords=data%20analyst&location=Canada&refresh=true&sortBy=DD,Jobs,2022-09-24T18:47:27.538Z,,True
https://www.linkedin.com/jobs/view/3262434074/,3262434074,Motion Recruitment,https://www.linkedin.com/company/5887/,Solution Data Analyst III,https://media-exp1.licdn.com/dms/image/C4E0BAQGBvaHLa2cjkg/company-logo_100_100/0/1657739069646?e=1672272000&v=beta&t=BKcXl3U2Ih_7p_oib2TVqLqreC-AL_iRQJStffWNMlA,"Toronto, ON",On-site,Actively recruiting,2022-09-20,False,False,0,https://www.linkedin.com/jobs/view/3262434074/,https://www.linkedin.com/jobs/search/?currentJobId=3273544279&f_T=340&geoId=101174742&keywords=data%20analyst&location=Canada&refresh=true&sortBy=DD,Jobs,2022-09-24T18:47:27.538Z,,True
https://www.linkedin.com/jobs/view/3278901322/,3278901322,Liebherr Group,https://www.linkedin.com/company/11057/,"Inventory Data Analyst, Mining",https://media-exp1.licdn.com/dms/image/C560BAQG3lyTi3B8qQQ/company-logo_100_100/0/1618818319219?e=1672272000&v=beta&t=u2m70ArCxbgR8H5pGz0VmA35_y3zUzAu44CxsB-6A3s,"Acheson, AB",On-site,Actively recruiting,2022-09-22,False,False,11,https://www.linkedin.com/jobs/view/3278901322/,https://www.linkedin.com/jobs/search/?currentJobId=3273544279&f_T=340&geoId=101174742&keywords=data%20analyst&location=Canada&refresh=true&sortBy=DD,Jobs,2022-09-24T18:47:27.538Z,,True
https://www.linkedin.com/jobs/view/3279881867/,3279881867,Navacord,https://www.linkedin.com/company/18129337/,Data Analyst,https://media-exp1.licdn.com/dms/image/C510BAQHFhzKqAEV2iw/company-logo_100_100/0/1519897664487?e=1672272000&v=beta&t=AN2hcvYGn41oORMJk8idmJEqd0LTeXQT-Lc72aZZDrA,"Toronto, ON",Remote,Top applicant,2022-09-20,True,False,0,https://www.linkedin.com/jobs/view/3279881867/,https://www.linkedin.com/jobs/search/?currentJobId=3273544279&f_T=340&geoId=101174742&keywords=data%20analyst&location=Canada&refresh=true&sortBy=DD,Jobs,2022-09-24T18:47:27.538Z,True,True
https://www.linkedin.com/jobs/view/3276681512/,3276681512,CDI College,https://www.linkedin.com/company/19011/,Junior Asset Management Consultant and Data Analyst,https://media-exp1.licdn.com/dms/image/C560BAQF_8XyWgXLIYA/company-logo_100_100/0/1551920656351?e=1672272000&v=beta&t=DPUq16W9QjcwcEtgBe4IVa-BIo6oQJKje4VNYbzZIts,"Vaughan, ON",On-site,1 connection works here,2022-09-20,False,False,6,https://www.linkedin.com/jobs/view/3276681512/,https://www.linkedin.com/jobs/search/?currentJobId=3273544279&f_T=340&geoId=101174742&keywords=data%20analyst&location=Canada&refresh=true&sortBy=DD,Jobs,2022-09-24T18:47:27.539Z,,True
https://www.linkedin.com/jobs/view/3272685951/,3272685951,TELUS International,https://www.linkedin.com/company/1258653/,Online Data Analyst,https://media-exp1.licdn.com/dms/image/C560BAQHAe-roNpTebg/company-logo_100_100/0/1657119739427?e=1672272000&v=beta&t=6NsjAosvT2KoWtKlSxBKJt23LzubmeTLkMUCTzKIxyA,"Quebec, Canada",Remote,1 alum works here,2022-09-20,False,False,0,https://www.linkedin.com/jobs/view/3272685951/,https://www.linkedin.com/jobs/search/?currentJobId=3273544279&f_T=340&geoId=101174742&keywords=data%20analyst&location=Canada&refresh=true&sortBy=DD,Jobs,2022-09-24T18:47:27.539Z,True,True
https://www.linkedin.com/jobs/view/3283264966/,3283264966,Epsilon Solutions Ltd.,https://www.linkedin.com/company/7598320/,Data Analyst with ETL,https://media-exp1.licdn.com/dms/image/C510BAQHhJ2g0Q9Wd9A/company-logo_100_100/0/1575490287390?e=1672272000&v=beta&t=T-Fo6w3fgXDcUjs-7CD2Cp3j-kaYOYQ1wltyqY3B1qw,"Mississauga, ON",,Actively recruiting,2022-09-20,False,False,4,https://www.linkedin.com/jobs/view/3283264966/,https://www.linkedin.com/jobs/search/?currentJobId=3273544279&f_T=340&geoId=101174742&keywords=data%20analyst&location=Canada&refresh=true&sortBy=DD,Jobs,2022-09-24T18:47:27.539Z,,True
https://www.linkedin.com/jobs/view/3280071013/,3280071013,Government of Alberta,https://www.linkedin.com/company/164028/,Irrigation Data Analyst,https://media-exp1.licdn.com/dms/image/C560BAQGhqjrAnN7CEw/company-logo_100_100/0/1628719021071?e=1672272000&v=beta&t=1JD9mMCHyuCCRBFARACb77Qa04GdpqL0URYV8kMAs_g,"Lethbridge County, AB",On-site,13 alumni work here,2022-09-20,False,False,0,https://www.linkedin.com/jobs/view/3280071013/,https://www.linkedin.com/jobs/search/?currentJobId=3273544279&f_T=340&geoId=101174742&keywords=data%20analyst&location=Canada&refresh=true&sortBy=DD,Jobs,2022-09-24T18:47:27.540Z,,True
https://www.linkedin.com/jobs/view/3271159217/,3271159217,Randstad Canada,https://www.linkedin.com/company/351109/,Data Analyst,https://media-exp1.licdn.com/dms/image/C4E0BAQHbxW3gPMFVwA/company-logo_100_100/0/1658521167823?e=1672272000&v=beta&t=XUJO-aTmpQ643mHEqhS56Y3DrH0KzPHXOW4wtfNpCow,"Vancouver, BC",,Top applicant,2022-09-19,False,False,0,https://www.linkedin.com/jobs/view/3271159217/,https://www.linkedin.com/jobs/search/?currentJobId=3273544279&f_T=340&geoId=101174742&keywords=data%20analyst&location=Canada&refresh=true&sortBy=DD,Jobs,2022-09-24T18:47:33.045Z,,True
https://www.linkedin.com/jobs/view/3275603186/,3275603186,Genetec,https://www.linkedin.com/company/22883/,Data Analyst/ Analyste de données,https://media-exp1.licdn.com/dms/image/C4D0BAQEwIS8dz5F64A/company-logo_100_100/0/1649078520037?e=1672272000&v=beta&t=78Y6mIXDKTvhS5so78tKXMNzaQH51ukG4sZyjCmcbc4,"Montreal, QC",On-site,Top applicant,2022-09-19,True,False,0,https://www.linkedin.com/jobs/view/3275603186/,https://www.linkedin.com/jobs/search/?currentJobId=3273544279&f_T=340&geoId=101174742&keywords=data%20analyst&location=Canada&refresh=true&sortBy=DD,Jobs,2022-09-24T18:47:33.045Z,,True
https://www.linkedin.com/jobs/view/3278064170/,3278064170,ATB Financial,https://www.linkedin.com/company/12526/,Data Analyst,https://media-exp1.licdn.com/dms/image/C4D0BAQFb53YnGy6XQA/company-logo_100_100/0/1625151804768?e=1672272000&v=beta&t=ju7mV-qpN0Qkod_mn6fbuVjXJluardzBVcqp3XsfiEo,"Calgary, AB",Remote,Top applicant,2022-09-19,True,False,0,https://www.linkedin.com/jobs/view/3278064170/,https://www.linkedin.com/jobs/search/?currentJobId=3273544279&f_T=340&geoId=101174742&keywords=data%20analyst&location=Canada&refresh=true&sortBy=DD,Jobs,2022-09-24T18:47:33.045Z,True,True
https://www.linkedin.com/jobs/view/3279557339/,3279557339,JobArch,https://www.linkedin.com/company/76990402/,Junior Data Analyst (Remote),https://media-exp1.licdn.com/dms/image/C4D0BAQHbt3l4pYwQOA/company-logo_100_100/0/1636035579523?e=1672272000&v=beta&t=uTHiN-xiMb1IpvfVZfb9ApCr4ZBeUsR1FgMmmrA8Kpk,"Calgary, AB",Remote,Top applicant,2022-09-19,False,False,0,https://www.linkedin.com/jobs/view/3279557339/,https://www.linkedin.com/jobs/search/?currentJobId=3273544279&f_T=340&geoId=101174742&keywords=data%20analyst&location=Canada&refresh=true&sortBy=DD,Jobs,2022-09-24T18:47:33.045Z,True,True
https://www.linkedin.com/jobs/view/3274344697/,3274344697,Digital Synergy,https://www.linkedin.com/company/90280/,Business Data Analyst,https://media-exp1.licdn.com/dms/image/C4D0BAQGJ0iljETUegQ/company-logo_100_100/0/1519917734615?e=1672272000&v=beta&t=BOOkSGBi-jWfyyXTcRdxep9x8P7jFZ4IUD_AL84f6E8,"Winnipeg, MB",,Top applicant,2022-09-18,False,False,19,https://www.linkedin.com/jobs/view/3274344697/,https://www.linkedin.com/jobs/search/?currentJobId=3273544279&f_T=340&geoId=101174742&keywords=data%20analyst&location=Canada&refresh=true&sortBy=DD,Jobs,2022-09-24T18:47:33.045Z,,True
https://www.linkedin.com/jobs/view/3283267609/,3283267609,Epsilon Solutions Ltd.,https://www.linkedin.com/company/7598320/,Data Analyst / Engineer,https://media-exp1.licdn.com/dms/image/C510BAQHhJ2g0Q9Wd9A/company-logo_100_100/0/1575490287390?e=1672272000&v=beta&t=T-Fo6w3fgXDcUjs-7CD2Cp3j-kaYOYQ1wltyqY3B1qw,"Toronto, ON",,Actively recruiting,2022-09-17,False,False,4,https://www.linkedin.com/jobs/view/3283267609/,https://www.linkedin.com/jobs/search/?currentJobId=3273544279&f_T=340&geoId=101174742&keywords=data%20analyst&location=Canada&refresh=true&sortBy=DD,Jobs,2022-09-24T18:47:33.045Z,,True
